지점,지점명,일시,평균기온(°C),최저기온(°C),최고기온(°C)
108,서울,2018-03-29,15.4,11.8,21.1
108,서울,2018-03-30,14.8,9.8,21.9
108,서울,2018-03-31,14,9.3,20.1
108,서울,2018-04-01,15.6,11.7,18.5
108,서울,2018-04-02,18.4,14.9,23.7
108,서울,2018-04-03,17.8,14.9,21.2
108,서울,2018-04-04,13.4,9.5,18.2
108,서울,2018-04-05,7.6,6.7,9.5
108,서울,2018-04-06,5.8,3,8.6
108,서울,2018-04-07,4.2,1.4,8.6
108,서울,2018-04-08,3.9,.6,7.9
108,서울,2018-04-09,7.9,.1,15.4
108,서울,2018-04-10,15.1,6.9,21.9
108,서울,2018-04-11,12.6,8.7,17.3
108,서울,2018-04-12,13.3,6.8,19.6
108,서울,2018-04-13,14.6,8.3,19.3
108,서울,2018-04-14,9,7.5,14.8
108,서울,2018-04-15,9.5,5.6,14.2
108,서울,2018-04-16,11.6,4.9,18.8
108,서울,2018-04-17,12.9,6.8,20.1
108,서울,2018-04-18,12.4,6.2,19.3
108,서울,2018-04-19,14,7.4,20.5
108,서울,2018-04-20,18.4,11,26.3
108,서울,2018-04-21,18.7,12.3,25.6
108,서울,2018-04-22,15.5,10.7,21
108,서울,2018-04-23,9.3,8.4,10.7
108,서울,2018-04-24,12.1,8.9,16.1
108,서울,2018-04-25,14.6,5.7,23.3
108,서울,2018-04-26,14.9,10,22.1
108,서울,2018-04-27,15.7,9.7,23.3
108,서울,2018-04-28,15.4,10.5,21.7
108,서울,2018-04-29,16.2,9.4,22.9
108,서울,2018-04-30,19.2,14.1,25
108,서울,2018-05-01,20.4,17.8,23.3
108,서울,2018-05-02,15.1,8.7,19.7
108,서울,2018-05-03,11.2,6.9,14.7
108,서울,2018-05-04,14.1,8.8,20
108,서울,2018-05-05,18.3,11.6,24.6
108,서울,2018-05-06,16.6,15,20.7
108,서울,2018-05-07,19.2,14,25.5
108,서울,2018-05-08,17.5,11.6,22.9
108,서울,2018-05-09,15.7,9.2,21.8
108,서울,2018-05-10,15.4,11.3,21.4
108,서울,2018-05-11,16.1,11.9,21.3
108,서울,2018-05-12,14.2,11.8,16.1
108,서울,2018-05-13,15.8,12.7,20
108,서울,2018-05-14,18.2,11.9,24.5
108,서울,2018-05-15,23.2,15.4,29.3
108,서울,2018-05-16,22.3,21.8,24.4
108,서울,2018-05-17,20.9,18.8,23.5
108,서울,2018-05-18,16.3,12.2,19.3
108,서울,2018-05-19,17.6,10.3,24.7
108,서울,2018-05-20,17,11.5,22.6
108,서울,2018-05-21,17.8,11.3,23.7
108,서울,2018-05-22,18.1,15.4,23.2
108,서울,2018-05-23,17.3,13.6,23.3
108,서울,2018-05-24,18.3,11.2,23.7
108,서울,2018-05-25,19.7,13.8,26.2
108,서울,2018-05-26,21.8,14,29.6
108,서울,2018-05-27,20.3,17.3,24.7
108,서울,2018-05-28,22.3,16.2,29.1
108,서울,2018-05-29,21.4,19.1,25.9
108,서울,2018-05-30,20.2,15.8,24.7
108,서울,2018-05-31,20.9,14.2,27.6
108,서울,2018-06-01,23.8,17.5,30.2
108,서울,2018-06-02,23.4,17.6,30.1
108,서울,2018-06-03,24,16.9,30.8
108,서울,2018-06-04,22.6,18.9,27.5
108,서울,2018-06-05,23.7,17.7,29.2
108,서울,2018-06-06,23,18.4,27.9
108,서울,2018-06-07,22.2,17.8,29.4
108,서울,2018-06-08,21.9,18.5,27
108,서울,2018-06-09,23.7,18.9,30.1
108,서울,2018-06-10,21.3,18.3,24.9
108,서울,2018-06-11,20.2,18,23.9
108,서울,2018-06-12,21.3,16.6,27.1
108,서울,2018-06-13,22,18.3,27
108,서울,2018-06-14,21.6,18.8,25.1
108,서울,2018-06-15,21.7,17.2,27
108,서울,2018-06-16,22.5,16.3,28.7
108,서울,2018-06-17,22.8,18.9,27.5
108,서울,2018-06-18,24.8,19.9,30.8
108,서울,2018-06-19,22.4,19.1,27.2
108,서울,2018-06-20,22.7,19.1,28.4
108,서울,2018-06-21,23.7,19.4,28.7
108,서울,2018-06-22,25,18.2,32
108,서울,2018-06-23,24.5,20.9,28.9
108,서울,2018-06-24,25.2,20.1,32.1
108,서울,2018-06-25,27.1,21.3,32.9
108,서울,2018-06-26,22.3,20.2,26.9
108,서울,2018-06-27,22.3,19.1,25.5
108,서울,2018-06-28,23.3,20.6,27.3
108,서울,2018-06-29,24.7,21.9,29.1
108,서울,2018-06-30,24.4,21.6,27.9
108,서울,2018-07-01,21.9,21,22.8
108,서울,2018-07-02,22.6,20.6,25.3
108,서울,2018-07-03,27.4,22.5,32.6
108,서울,2018-07-04,27.3,24,31.8
108,서울,2018-07-05,25.3,23.4,29
108,서울,2018-07-06,23.9,21.5,27.1
108,서울,2018-07-07,23.7,19.5,29.2
108,서울,2018-07-08,23.3,17.7,28.1
108,서울,2018-07-09,20.8,20.1,24.2
108,서울,2018-07-10,23.7,20.4,26.5
108,서울,2018-07-11,26.8,24.4,29.5
108,서울,2018-07-12,26.6,25.1,28.2
108,서울,2018-07-13,27.3,24.7,30.9
108,서울,2018-07-14,27.9,24.6,31.9
108,서울,2018-07-15,28.3,24.5,33.2
108,서울,2018-07-16,28.7,24,34
108,서울,2018-07-17,28.1,23.9,32.1
108,서울,2018-07-18,28.2,23.7,33.2
108,서울,2018-07-19,28.7,23.2,34.1
108,서울,2018-07-20,29.5,24.6,34.7
108,서울,2018-07-21,30.6,24.9,36.9
108,서울,2018-07-22,31.8,25.3,38
108,서울,2018-07-23,31.7,29.2,35.7
108,서울,2018-07-24,31.4,27.2,36.8
108,서울,2018-07-25,30.1,27.7,34.1
108,서울,2018-07-26,30.1,27.3,33.7
108,서울,2018-07-27,30.9,27.2,35.4
108,서울,2018-07-28,29.5,28,35.2
108,서울,2018-07-29,31.3,26.4,36.7
108,서울,2018-07-30,31.7,26.2,36.9
108,서울,2018-07-31,32.6,27.8,38.3
108,서울,2018-08-01,33.6,27.8,39.6
108,서울,2018-08-02,33.7,30.3,37.9
108,서울,2018-08-03,33.1,30,37.9
108,서울,2018-08-04,31.1,28,34.9
108,서울,2018-08-05,30,27.2,33.9
108,서울,2018-08-06,30.5,28.3,35.3
108,서울,2018-08-07,30.5,26.8,35.9
108,서울,2018-08-08,31,27.6,35.3
108,서울,2018-08-09,28.8,27.1,32.5
108,서울,2018-08-10,30.7,25.7,36.8
108,서울,2018-08-11,31,26.4,36
108,서울,2018-08-12,30.6,27.2,35.3
108,서울,2018-08-13,30.5,26.7,34.4
108,서울,2018-08-14,31.7,27.7,37.2
108,서울,2018-08-15,31.7,28.3,38
108,서울,2018-08-16,29.9,24.1,35.6
108,서울,2018-08-17,27.2,21.7,33.8
108,서울,2018-08-18,26.7,21.5,32.1
108,서울,2018-08-19,28.2,23,34.4
108,서울,2018-08-20,29.1,25.1,33.3
108,서울,2018-08-21,26.6,23.4,31
108,서울,2018-08-22,30.7,23.4,37.6
108,서울,2018-08-23,29.4,25.7,32.2
108,서울,2018-08-24,24.4,23.2,26.3
108,서울,2018-08-25,25.2,22.7,29.3
108,서울,2018-08-26,23.2,20.3,29
108,서울,2018-08-27,22.7,20.2,24.9
108,서울,2018-08-28,23.7,22.5,26.1
108,서울,2018-08-29,25.2,22.7,27.4
108,서울,2018-08-30,25.3,23.9,28.2
108,서울,2018-08-31,25.6,22.8,30.3
108,서울,2018-09-01,25.5,20.8,30.9
108,서울,2018-09-02,25.1,20.1,29.6
108,서울,2018-09-03,23.3,21.4,25.8
108,서울,2018-09-04,23.2,20,27.8
108,서울,2018-09-05,24,19.6,28.5
108,서울,2018-09-06,24.1,20.9,28.2
108,서울,2018-09-07,22,19.1,25.5
108,서울,2018-09-08,21.7,15.9,27.7
108,서울,2018-09-09,22.2,15.6,28.9
108,서울,2018-09-10,22.9,18.6,28.4
108,서울,2018-09-11,21.6,16.8,26.1
108,서울,2018-09-12,22.8,16.8,28.2
108,서울,2018-09-13,23.5,20.3,28.3
108,서울,2018-09-14,23.5,20.3,26.8
108,서울,2018-09-15,23.3,21,26
108,서울,2018-09-16,22.2,21,23.9
108,서울,2018-09-17,22.3,18.5,27.7
108,서울,2018-09-18,22,17.7,26.5
108,서울,2018-09-19,22.1,18.9,26.6
108,서울,2018-09-20,19,17.8,20.1
108,서울,2018-09-21,19.4,17.6,21.9
108,서울,2018-09-22,20.8,17.2,25.5
108,서울,2018-09-23,19.4,15.6,25.3
108,서울,2018-09-24,17.6,14.2,22.1
108,서울,2018-09-25,17.8,10.8,24.3
108,서울,2018-09-26,19.4,16.2,24.8
108,서울,2018-09-27,18.9,13.2,25
108,서울,2018-09-28,17.5,14.3,22.2
108,서울,2018-09-29,20.2,14.6,27
108,서울,2018-09-30,17.6,14,21.6
108,서울,2018-10-01,15.4,13,19.7
108,서울,2018-10-02,15.9,10.3,22
108,서울,2018-10-03,17.3,11.2,24.2
108,서울,2018-10-04,19.3,13,25.6
108,서울,2018-10-05,16.9,15.7,19
108,서울,2018-10-06,18,16.3,21.7
108,서울,2018-10-07,16.4,12.3,21.1
108,서울,2018-10-08,14.8,9.2,20.9
108,서울,2018-10-09,15.3,10.7,19.8
108,서울,2018-10-10,12,7.9,16.7
108,서울,2018-10-11,9.7,6.1,13.9
108,서울,2018-10-12,10.9,5.2,17.4
108,서울,2018-10-13,12.5,6.1,19.8
108,서울,2018-10-14,13.2,6.8,20.3
108,서울,2018-10-15,15.2,10.9,21
108,서울,2018-10-16,14.5,9.9,20.3
108,서울,2018-10-17,12.4,8.4,18.6
108,서울,2018-10-18,12.7,7.5,19
108,서울,2018-10-19,13.1,7.2,20.4
108,서울,2018-10-20,13.4,6.9,21.4
108,서울,2018-10-21,13.4,7.2,21.1
108,서울,2018-10-22,14,8.8,20.6
108,서울,2018-10-23,12.2,9.8,16.9
108,서울,2018-10-24,12.5,7.6,18.7
108,서울,2018-10-25,13.8,7,21.2
108,서울,2018-10-26,12.2,9.9,14.7
108,서울,2018-10-27,8.7,6.2,11.6
108,서울,2018-10-28,8.3,5.2,13.5
108,서울,2018-10-29,7.2,3.4,11.7
108,서울,2018-10-30,6.1,.7,11.6
108,서울,2018-10-31,7.4,3,12.6
108,서울,2018-11-01,8.4,2.5,15.2
108,서울,2018-11-02,10.6,4,19
108,서울,2018-11-03,11.2,5,19.1
108,서울,2018-11-04,11.6,5.3,19.4
108,서울,2018-11-05,11.9,6.6,18.3
108,서울,2018-11-06,12.2,8,17.5
108,서울,2018-11-07,12.8,10.3,15.7
108,서울,2018-11-08,11.8,10.5,14.7
108,서울,2018-11-09,12.1,9.5,15.4
108,서울,2018-11-10,11.9,8.8,17.1
108,서울,2018-11-11,8.1,5.4,10.9
108,서울,2018-11-12,8.1,3.1,15.1
108,서울,2018-11-13,8.8,4.1,15.4
108,서울,2018-11-14,9.8,4.8,16.6
108,서울,2018-11-15,9.7,4.7,16.2
108,서울,2018-11-16,8.8,4.2,14.5
108,서울,2018-11-17,4.9,.6,11.4
108,서울,2018-11-18,6.1,1.9,10.7
108,서울,2018-11-19,6.5,3.3,11.3
108,서울,2018-11-20,6.5,0,12.7
108,서울,2018-11-21,5.8,3.1,8.2
108,서울,2018-11-22,2.3,-1.3,7.1
108,서울,2018-11-23,1.9,-3.1,7.6
108,서울,2018-11-24,2.6,.3,3.8
108,서울,2018-11-25,4.8,1.3,9.8
108,서울,2018-11-26,6.3,1.6,13.6
108,서울,2018-11-27,7.1,3.1,12.5
108,서울,2018-11-28,5,2.1,11.1
108,서울,2018-11-29,3.5,.6,6.7
108,서울,2018-11-30,2.7,-1.5,8
108,서울,2018-12-01,5.5,.8,12.4
108,서울,2018-12-02,8.2,2.8,11.8
108,서울,2018-12-03,11.5,9.3,13.5
108,서울,2018-12-04,6.7,-.3,11.8
108,서울,2018-12-05,0,-4.3,3.4
108,서울,2018-12-06,2.4,-1,6.8
108,서울,2018-12-07,-7.3,-9.6,-1.1
108,서울,2018-12-08,-8.3,-11.4,-4.4
108,서울,2018-12-09,-7.2,-11.8,-2.1
108,서울,2018-12-10,-2.5,-8.1,4.6
108,서울,2018-12-11,.2,-2.4,2.9
108,서울,2018-12-12,-1.9,-5,2.4
108,서울,2018-12-13,-2.2,-5.9,2.1
108,서울,2018-12-14,-4.4,-7.8,.6
108,서울,2018-12-15,-2.4,-7.8,3.2
108,서울,2018-12-16,0,-2.6,2.1
108,서울,2018-12-17,1.6,-1.5,5.9
108,서울,2018-12-18,2.6,-2.8,7.4
108,서울,2018-12-19,4,1.3,9.5
108,서울,2018-12-20,3.4,-1.1,10.4
108,서울,2018-12-21,5.6,.4,9.8
108,서울,2018-12-22,6.9,2.9,12.4
108,서울,2018-12-23,2.4,-3.4,7.5
108,서울,2018-12-24,-2.3,-5.9,3.1
108,서울,2018-12-25,.6,-4,5.2
108,서울,2018-12-26,-1.5,-7.1,3
108,서울,2018-12-27,-10.1,-12.5,-6.5
108,서울,2018-12-28,-10.5,-14.4,-6.6
108,서울,2018-12-29,-7.6,-10.5,-3
108,서울,2018-12-30,-6.8,-11.3,-.9
108,서울,2018-12-31,-5.4,-10.5,-.5
108,서울,2019-01-01,-5,-8.2,-.6
108,서울,2019-01-02,-4.9,-8.8,.2
108,서울,2019-01-03,-3.5,-8.4,3.2
108,서울,2019-01-04,-1.1,-6.2,4.1
108,서울,2019-01-05,-2.8,-5.5,1.1
108,서울,2019-01-06,-2.8,-6.3,2.7
108,서울,2019-01-07,-1.9,-6.2,3.1
108,서울,2019-01-08,-3.5,-7.2,.5
108,서울,2019-01-09,-4.7,-9.4,1.3
108,서울,2019-01-10,-.6,-4.5,3
108,서울,2019-01-11,2.4,-.4,7.2
108,서울,2019-01-12,2.8,-.6,8
108,서울,2019-01-13,1.2,-3,7.6
108,서울,2019-01-14,1.4,-2.4,5.3
108,서울,2019-01-15,-1.7,-7.2,2.6
108,서울,2019-01-16,-5.2,-10.1,-1.1
108,서울,2019-01-17,-.3,-3.2,4
108,서울,2019-01-18,.6,-4.6,6.7
108,서울,2019-01-19,3.6,0,8.5
108,서울,2019-01-20,-1.4,-5.5,4
108,서울,2019-01-21,-1.2,-6.7,4.2
108,서울,2019-01-22,1.7,-3.3,7.1
108,서울,2019-01-23,2,-.8,7
108,서울,2019-01-24,.1,-4.6,6.5
108,서울,2019-01-25,-1.2,-3.8,2.6
108,서울,2019-01-26,-2.5,-6.5,2.4
108,서울,2019-01-27,-.1,-6.6,5.1
108,서울,2019-01-28,1.2,-2.4,4.5
108,서울,2019-01-29,-.2,-5.6,7
108,서울,2019-01-30,1.8,-2.8,6.6
108,서울,2019-01-31,-2,-6.2,2.3
108,서울,2019-02-01,-2.1,-7.4,2.8
108,서울,2019-02-02,1.4,-3.2,6.1
108,서울,2019-02-03,3.3,2,4.9
108,서울,2019-02-04,-.6,-3.3,3
108,서울,2019-02-05,2.8,-3.6,10.1
108,서울,2019-02-06,5.1,.1,9.3
108,서울,2019-02-07,-2.1,-8.2,6.3
108,서울,2019-02-08,-6.1,-10.2,-1.3
108,서울,2019-02-09,-5.4,-8.6,-1.9
108,서울,2019-02-10,-5,-9.1,-1.9
108,서울,2019-02-11,-3,-7.5,2
108,서울,2019-02-12,-.6,-4.1,3.7
108,서울,2019-02-13,-2.1,-5.7,2.5
108,서울,2019-02-14,-.5,-5.9,6.3
108,서울,2019-02-15,-.8,-2.9,.9
108,서울,2019-02-16,-2.7,-5.1,1.5
108,서울,2019-02-17,-1.8,-6.8,4.6
108,서울,2019-02-18,.9,-4.7,5.9
108,서울,2019-02-19,1.4,.2,3
108,서울,2019-02-20,1.7,-.1,4.5
108,서울,2019-02-21,2.4,-2.6,9
108,서울,2019-02-22,4,-1.6,10.8
108,서울,2019-02-23,6.8,.5,14.5
108,서울,2019-02-24,6.3,1.2,13.7
108,서울,2019-02-25,4.7,1.3,10.2
108,서울,2019-02-26,5.2,-1.5,12
108,서울,2019-02-27,7.8,4.7,14
108,서울,2019-02-28,6.6,2,12.8
108,서울,2019-03-01,6.6,1.2,13
108,서울,2019-03-02,7.8,1.3,14.7
108,서울,2019-03-03,9.4,2.5,16.1
108,서울,2019-03-04,9.9,5,16.3
108,서울,2019-03-05,8.4,5.6,12.9
108,서울,2019-03-06,8.4,5.7,12.4
108,서울,2019-03-07,7,3.1,12.7
108,서울,2019-03-08,6.1,.6,13.4
108,서울,2019-03-09,7.2,-.4,14.9
108,서울,2019-03-10,10.1,6.7,15.3
108,서울,2019-03-11,6.6,3.5,10
108,서울,2019-03-12,3.9,-.3,7.9
108,서울,2019-03-13,3.5,-.4,8.5
108,서울,2019-03-14,5,-1.7,10
108,서울,2019-03-15,5.5,1.6,11.3
108,서울,2019-03-16,4.3,.2,9.2
108,서울,2019-03-17,6.3,2.6,12.4
108,서울,2019-03-18,7.1,1.4,14.4
108,서울,2019-03-19,10,3.4,16.7
108,서울,2019-03-20,10.3,7.1,14.6
108,서울,2019-03-21,7.1,1.9,11.1
108,서울,2019-03-22,3.3,-.7,8.3
108,서울,2019-03-23,3.3,-.4,8.2
108,서울,2019-03-24,4.3,-.8,9.7
108,서울,2019-03-25,7.3,2.9,11.5
108,서울,2019-03-26,11.4,7.4,17.6
108,서울,2019-03-27,11.6,8.9,16.2
108,서울,2019-03-28,9.4,5.6,14.6
108,서울,2019-03-29,9.2,5.5,15.1
108,서울,2019-03-30,5.2,3.5,8.4
108,서울,2019-03-31,4.4,2.6,8.4
108,서울,2019-04-01,5.5,.3,11.3
108,서울,2019-04-02,6.7,1.3,13
108,서울,2019-04-03,7.6,1.9,13.6
108,서울,2019-04-04,9.2,3,15.7
108,서울,2019-04-05,11.4,7,17.2
108,서울,2019-04-06,9.3,5.9,12.2
108,서울,2019-04-07,12.6,5.6,20.3
108,서울,2019-04-08,11.6,7.6,17.2
108,서울,2019-04-09,9.2,4.7,13.9
108,서울,2019-04-10,7.1,4.7,10.2
108,서울,2019-04-11,9.5,4.3,15.7
108,서울,2019-04-12,11.4,5.5,18.4
108,서울,2019-04-13,11.8,6.2,17.9
108,서울,2019-04-14,9.6,6.9,13.6
108,서울,2019-04-15,11.6,3.9,18.1
108,서울,2019-04-16,14.9,6.8,22.6
108,서울,2019-04-17,15.3,9.1,21.8
108,서울,2019-04-18,12.6,10.4,16.2
108,서울,2019-04-19,13.8,9.6,19.7
108,서울,2019-04-20,14.3,9.7,19.1
108,서울,2019-04-21,14.8,12.2,20.2
108,서울,2019-04-22,19.3,10.7,28.2
108,서울,2019-04-23,20.4,15.3,25.5
108,서울,2019-04-24,19.5,15.8,25.9
108,서울,2019-04-25,13.2,9.4,17.2
108,서울,2019-04-26,8.4,6.2,9.9
108,서울,2019-04-27,11.6,4.1,18.2
108,서울,2019-04-28,12.9,9.9,16.6
108,서울,2019-04-29,13,8.3,17.3
108,서울,2019-04-30,15.5,9,22.5
108,서울,2019-05-01,16.4,11.2,22.2
108,서울,2019-05-02,17.1,10.6,25.3
108,서울,2019-05-03,17.9,10.1,26.1
108,서울,2019-05-04,19.5,12,27.4
108,서울,2019-05-05,19.2,13.6,26.5
108,서울,2019-05-06,14.5,9.8,19.8
108,서울,2019-05-07,15,8.4,21.9
108,서울,2019-05-08,15.6,10.1,21.3
108,서울,2019-05-09,16.6,11.7,22.9
108,서울,2019-05-10,17.8,10.3,26.8
108,서울,2019-05-11,20.3,13.2,28.3
108,서울,2019-05-12,21.6,14.7,28.9
108,서울,2019-05-13,18.7,15.5,22.8
108,서울,2019-05-14,19.6,12.9,26.9
108,서울,2019-05-15,20.7,14.8,28
108,서울,2019-05-16,23.5,16.7,30
108,서울,2019-05-17,23.6,17.6,28.3
108,서울,2019-05-18,22.8,19.1,25.9
108,서울,2019-05-19,19.4,17.9,21.6
108,서울,2019-05-20,16.4,13,20.2
108,서울,2019-05-21,17.2,11.7,23.8
108,서울,2019-05-22,19.5,12.3,26.5
108,서울,2019-05-23,22.1,15,29.2
108,서울,2019-05-24,24.2,16.2,33.4
108,서울,2019-05-25,23.4,18.4,28.6
108,서울,2019-05-26,24.5,18.6,31.1
108,서울,2019-05-27,17.8,14.3,22.3
108,서울,2019-05-28,18.1,11.9,24.6
108,서울,2019-05-29,20.3,13.3,26.5
108,서울,2019-05-30,19.6,14.6,24.5
108,서울,2019-05-31,19.1,16.1,23.3
108,서울,2019-06-01,18.9,14.8,23.7
108,서울,2019-06-02,21.1,14.1,27.8
108,서울,2019-06-03,23.1,16,29.5
108,서울,2019-06-04,22.6,17.6,29
108,서울,2019-06-05,23,17.8,29.6
108,서울,2019-06-06,21.2,18.6,25.1
108,서울,2019-06-07,20,17,24.7
108,서울,2019-06-08,21.9,16,27.6
108,서울,2019-06-09,21.6,17.1,26.5
108,서울,2019-06-10,18.4,15.7,21.9
108,서울,2019-06-11,20.5,15.5,26.1
108,서울,2019-06-12,21.5,16.1,26.4
108,서울,2019-06-13,23,16.6,28.8
108,서울,2019-06-14,23,19.1,28.4
108,서울,2019-06-15,21.9,17.9,27.4
108,서울,2019-06-16,22,16.1,27.2
108,서울,2019-06-17,21.7,18.1,26.2
108,서울,2019-06-18,20.8,17,24.8
108,서울,2019-06-19,21.4,18.9,25.4
108,서울,2019-06-20,22.7,19.8,27.8
108,서울,2019-06-21,22.1,19.4,26.1
108,서울,2019-06-22,24.2,17.7,30.6
108,서울,2019-06-23,25,19.1,31
108,서울,2019-06-24,25.2,20.9,30.9
108,서울,2019-06-25,25.6,19.5,32.8
108,서울,2019-06-26,25.5,20.7,29.5
108,서울,2019-06-27,25.5,21.9,31.2
108,서울,2019-06-28,24.7,22.3,29
108,서울,2019-06-29,23.1,19.6,27.7
108,서울,2019-06-30,23.9,20.9,28.5
108,서울,2019-07-01,23.9,20.6,28.9
108,서울,2019-07-02,24.4,20.8,30.1
108,서울,2019-07-03,24.1,21.2,27.4
108,서울,2019-07-04,25.4,20,32.8
108,서울,2019-07-05,27.6,20.2,35
108,서울,2019-07-06,29.7,24.6,36.1
108,서울,2019-07-07,26.7,22.7,32.5
108,서울,2019-07-08,25.1,21.2,31
108,서울,2019-07-09,25,19.7,30
108,서울,2019-07-10,22.7,19.3,27.3
108,서울,2019-07-11,21.9,19.5,25.9
108,서울,2019-07-12,23.6,20,28.7
108,서울,2019-07-13,24.9,22.1,29.7
108,서울,2019-07-14,25.9,21.2,31.6
108,서울,2019-07-15,23.8,22.1,27.4
108,서울,2019-07-16,24.7,21.4,28.8
108,서울,2019-07-17,25.6,22.3,29.2
108,서울,2019-07-18,26.9,23.3,32.1
108,서울,2019-07-19,28.6,22.8,35
108,서울,2019-07-20,28,25.1,31.9
108,서울,2019-07-21,25.1,24.2,27
108,서울,2019-07-22,26.7,24.2,31
108,서울,2019-07-23,28.1,24.4,32.9
108,서울,2019-07-24,26.5,25.2,27.2
108,서울,2019-07-25,26.3,25.6,27.4
108,서울,2019-07-26,25.1,23.7,25.9
108,서울,2019-07-27,28.4,24.9,33.4
108,서울,2019-07-28,26.1,25,28.2
108,서울,2019-07-29,27.5,25.6,30
108,서울,2019-07-30,28.1,26.3,30.8
108,서울,2019-07-31,25.8,24,27.5
108,서울,2019-08-01,26.3,23.5,30.1
108,서울,2019-08-02,28.4,24.7,33.1
108,서울,2019-08-03,29.4,25.6,36
108,서울,2019-08-04,28.3,25,34.4
108,서울,2019-08-05,30.5,25.6,35.9
108,서울,2019-08-06,31.6,27.9,36.8
108,서울,2019-08-07,26.9,23.9,30.3
108,서울,2019-08-08,28.9,25.9,32.7
108,서울,2019-08-09,29.8,26,34.6
108,서울,2019-08-10,31.5,26.6,36.5
108,서울,2019-08-11,30.4,26.3,35.7
108,서울,2019-08-12,26.6,24.8,28.5
108,서울,2019-08-13,29.2,25.1,35.3
108,서울,2019-08-14,30.4,25.9,35.7
108,서울,2019-08-15,25.9,23.9,28.6
108,서울,2019-08-16,25.9,23,29.5
108,서울,2019-08-17,25.9,23.4,28.8
108,서울,2019-08-18,25.6,22.6,30.7
108,서울,2019-08-19,26.3,21.2,31.3
108,서울,2019-08-20,28.2,23.2,32.8
108,서울,2019-08-21,27,24.4,30.4
108,서울,2019-08-22,26.9,23,31.4
108,서울,2019-08-23,26.2,22.7,30.5
108,서울,2019-08-24,24.1,21.5,27.3
108,서울,2019-08-25,25,20.2,29.9
108,서울,2019-08-26,26.4,21.5,32.1
108,서울,2019-08-27,25.7,22.2,29.3
108,서울,2019-08-28,26.1,23.6,30.2
108,서울,2019-08-29,23.4,20.1,26.4
108,서울,2019-08-30,22.6,19.5,27
108,서울,2019-08-31,23.5,18.5,28.9
108,서울,2019-09-01,23.7,19.2,27.8
108,서울,2019-09-02,24.4,19.4,29.7
108,서울,2019-09-03,24.1,22,28
108,서울,2019-09-04,22.8,21.2,25.5
108,서울,2019-09-05,23,21.5,27.6
108,서울,2019-09-06,25.3,21.6,29.1
108,서울,2019-09-07,25.7,22.6,29.5
108,서울,2019-09-08,24.7,22.9,27.3
108,서울,2019-09-09,25.1,22.4,28
108,서울,2019-09-10,23.8,22.1,26.5
108,서울,2019-09-11,24.3,20.4,28.7
108,서울,2019-09-12,21,18.7,22.9
108,서울,2019-09-13,23.3,18.3,29.3
108,서울,2019-09-14,22.4,20.8,24.1
108,서울,2019-09-15,24.2,19.5,30
108,서울,2019-09-16,24.5,20.7,30.5
108,서울,2019-09-17,23.5,18,29
108,서울,2019-09-18,21,16,25.4
108,서울,2019-09-19,19.5,13.6,26
108,서울,2019-09-20,19.6,15.8,24.2
108,서울,2019-09-21,19.6,18.3,22.1
108,서울,2019-09-22,18.6,17.3,19.6
108,서울,2019-09-23,20,16.9,24.6
108,서울,2019-09-24,19.8,13.9,26.5
108,서울,2019-09-25,20.9,14.8,27.4
108,서울,2019-09-26,22.9,17.7,29
108,서울,2019-09-27,22.9,19.6,27
108,서울,2019-09-28,23.7,19.4,29.2
108,서울,2019-09-29,22.6,17.9,28.6
108,서울,2019-09-30,22.4,16.4,29.9
108,서울,2019-10-01,23.1,17.6,28.2
108,서울,2019-10-02,21.6,20,24.2
108,서울,2019-10-03,22.4,19.8,27.3
108,서울,2019-10-04,22.4,18,27.8
108,서울,2019-10-05,18.7,14.7,21.9
108,서울,2019-10-06,18.1,13.2,22.7
108,서울,2019-10-07,14.8,13.3,17.9
108,서울,2019-10-08,14.7,10.6,19.8
108,서울,2019-10-09,13.6,7.7,20.4
108,서울,2019-10-10,15.2,10.7,19.8
108,서울,2019-10-11,18.8,13,26.1
108,서울,2019-10-12,17.9,13.3,23.3
108,서울,2019-10-13,17.2,12.1,23.8
108,서울,2019-10-14,14.4,9.5,19.6
108,서울,2019-10-15,14.5,8.8,20.4
108,서울,2019-10-16,14.6,9,20.8
108,서울,2019-10-17,15.4,11.2,21.6
108,서울,2019-10-18,17,12,22.7
108,서울,2019-10-19,17,12.1,23.1
108,서울,2019-10-20,16.5,12,22.9
108,서울,2019-10-21,17.1,10.9,24.6
108,서울,2019-10-22,18.1,13.3,24.4
108,서울,2019-10-23,17,14.3,20.7
108,서울,2019-10-24,18.3,15.3,23.8
108,서울,2019-10-25,16.7,13.1,22
108,서울,2019-10-26,10,6.6,14.9
108,서울,2019-10-27,11,4.7,17.4
108,서울,2019-10-28,12.9,7.4,17.7
108,서울,2019-10-29,12.5,8.2,17.6
108,서울,2019-10-30,11.2,5,17.7
108,서울,2019-10-31,14.8,8.4,19.7
108,서울,2019-11-01,14.9,11.4,20.5
108,서울,2019-11-02,13.6,8.3,18.7
108,서울,2019-11-03,14.7,9.4,22.1
108,서울,2019-11-04,13.8,9.2,20.3
108,서울,2019-11-05,12.4,8.4,18.4
108,서울,2019-11-06,11,6.3,16.5
108,서울,2019-11-07,9.2,5,13.6
108,서울,2019-11-08,6.8,1.1,13
108,서울,2019-11-09,9.5,3.5,17.2
108,서울,2019-11-10,10,6.2,15.3
108,서울,2019-11-11,11.2,7.9,15.1
108,서울,2019-11-12,9.3,4.8,14.5
108,서울,2019-11-13,7.2,3,11.3
108,서울,2019-11-14,1.3,-2.5,5
108,서울,2019-11-15,5.6,1.4,7.6
108,서울,2019-11-16,6.8,3.8,12.7
108,서울,2019-11-17,8.3,5.6,10.5
108,서울,2019-11-18,4.6,.4,12.7
108,서울,2019-11-19,.2,-3.5,4
108,서울,2019-11-20,.5,-4.6,6.3
108,서울,2019-11-21,4.2,-2.3,9
108,서울,2019-11-22,9.7,3,17.3
108,서울,2019-11-23,12.1,7.7,17.7
108,서울,2019-11-24,9.8,4.6,15.6
108,서울,2019-11-25,1.9,-1.2,6
108,서울,2019-11-26,6.6,1.2,13.7
108,서울,2019-11-27,3.1,.3,6.8
108,서울,2019-11-28,3.5,-.6,10.4
108,서울,2019-11-29,1.5,-3.4,6.9
108,서울,2019-11-30,4.1,-1.4,9.3
108,서울,2019-12-01,4.6,2.3,6.2
108,서울,2019-12-02,-.1,-3.2,2.8
108,서울,2019-12-03,.5,-5,4.2
108,서울,2019-12-04,2,-2,7.2
108,서울,2019-12-05,-4.4,-8.5,-.2
108,서울,2019-12-06,-5.9,-10.6,-1
108,서울,2019-12-07,-2.4,-5.5,1.2
108,서울,2019-12-08,-.9,-5.5,4.9
108,서울,2019-12-09,3.2,-1.3,8
108,서울,2019-12-10,8.1,6,10.8
108,서울,2019-12-11,6.3,.1,9.8
108,서울,2019-12-12,-.7,-3.5,3.4
108,서울,2019-12-13,2.1,-3.7,5.9
108,서울,2019-12-14,2.7,-.1,6.4
108,서울,2019-12-15,5.3,.4,11
108,서울,2019-12-16,7.8,2.1,12.9
108,서울,2019-12-17,7.7,3.2,10.2
108,서울,2019-12-18,.8,-1.7,5.2
108,서울,2019-12-19,-.8,-4.5,3.1
108,서울,2019-12-20,-1.1,-3.5,2
108,서울,2019-12-21,-1.2,-5.1,1.5
108,서울,2019-12-22,4.1,.3,8.4
108,서울,2019-12-23,3.4,.3,5.2
108,서울,2019-12-24,.8,-2.9,6.5
108,서울,2019-12-25,2,-2.7,6.6
108,서울,2019-12-26,2,-2.4,4.1
108,서울,2019-12-27,-1.7,-4.6,2.6
108,서울,2019-12-28,1.1,-3.6,6.1
108,서울,2019-12-29,3.8,1.1,6.2
108,서울,2019-12-30,2.7,-5.7,6.8
108,서울,2019-12-31,-7.9,-10.9,-4.5
108,서울,2020-01-01,-2.2,-6.5,.3
108,서울,2020-01-02,1,-.7,3.8
108,서울,2020-01-03,-.1,-3.4,4.6
108,서울,2020-01-04,1.2,-2.8,6.1
108,서울,2020-01-05,1.3,-3.2,6.6
108,서울,2020-01-06,3.1,.6,4.6
108,서울,2020-01-07,6.3,4.2,7.7
108,서울,2020-01-08,2.4,-.4,8.9
108,서울,2020-01-09,-1.2,-3.1,2
108,서울,2020-01-10,-.6,-4.3,4.2
108,서울,2020-01-11,-.1,-2.6,3.9
108,서울,2020-01-12,-1,-3.5,2.8
108,서울,2020-01-13,-2.9,-4.7,.2
108,서울,2020-01-14,-2.3,-5.7,2.6
108,서울,2020-01-15,-2.7,-6.4,2.2
108,서울,2020-01-16,-1.7,-5.5,3.2
108,서울,2020-01-17,-.6,-4.8,4.9
108,서울,2020-01-18,.3,-4.1,5.9
108,서울,2020-01-19,1.9,-.4,5.3
108,서울,2020-01-20,.7,-3.3,5.5
108,서울,2020-01-21,-.4,-5.6,5.5
108,서울,2020-01-22,3,-.1,7.8
108,서울,2020-01-23,4.6,0,9.9
108,서울,2020-01-24,2.8,-1.3,7.4
108,서울,2020-01-25,4.3,.6,8.8
108,서울,2020-01-26,5.5,-.2,11.9
108,서울,2020-01-27,5.9,4.8,7.5
108,서울,2020-01-28,6.8,4.3,9.9
108,서울,2020-01-29,6,3.2,9.6
108,서울,2020-01-30,5.2,1.4,10.4
108,서울,2020-01-31,3.9,1.4,8.9
108,서울,2020-02-01,2.6,-1.2,7.6
108,서울,2020-02-02,1.5,-2.1,5.3
108,서울,2020-02-03,-.4,-2.9,3
108,서울,2020-02-04,-1.6,-6,3.9
108,서울,2020-02-05,-8.3,-11,-4.9
108,서울,2020-02-06,-6.4,-11.8,.4
108,서울,2020-02-07,-1.7,-7.2,2.2
108,서울,2020-02-08,-.1,-2.3,3.7
108,서울,2020-02-09,-.5,-5.6,4.1
108,서울,2020-02-10,4,-.7,9.6
108,서울,2020-02-11,6.8,-.5,14.6
108,서울,2020-02-12,7.4,6.5,8.2
108,서울,2020-02-13,6.5,4.9,8.7
108,서울,2020-02-14,8.1,3.2,14.7
108,서울,2020-02-15,9.8,6.2,15.6
108,서울,2020-02-16,-1.4,-4.3,7.7
108,서울,2020-02-17,-5.9,-7.1,-3.9
108,서울,2020-02-18,-4.1,-8.3,1.3
108,서울,2020-02-19,1,-4.4,6.4
108,서울,2020-02-20,4.6,-.6,10.8
108,서울,2020-02-21,6.7,2.1,10.9
108,서울,2020-02-22,4,0,7.9
108,서울,2020-02-23,2.5,-2.5,8
108,서울,2020-02-24,7,.8,12.2
108,서울,2020-02-25,6.7,4.7,9.4
108,서울,2020-02-26,6.4,2.8,10.4
108,서울,2020-02-27,6.1,1.3,12.5
108,서울,2020-02-28,4.5,3.6,5.9
108,서울,2020-02-29,7.7,4.5,13
108,서울,2020-03-01,5.8,3.2,10.1
108,서울,2020-03-02,3.4,0,7.6
108,서울,2020-03-03,4.8,.3,10.5
108,서울,2020-03-04,2.2,-1.3,4.6
108,서울,2020-03-05,1.4,-2.8,6.3
108,서울,2020-03-06,3.7,-2.5,10.1
108,서울,2020-03-07,7,1.3,14.2
108,서울,2020-03-08,9.3,2.3,16.9
108,서울,2020-03-09,11.1,4.8,17.6
108,서울,2020-03-10,6.4,3.2,10.8
108,서울,2020-03-11,3.8,0,8.3
108,서울,2020-03-12,6.8,.2,13.3
108,서울,2020-03-13,4.9,-.1,8.7
108,서울,2020-03-14,3.6,-2.7,8.6
108,서울,2020-03-15,4,.2,8.5
108,서울,2020-03-16,3.6,-2.1,9.1
108,서울,2020-03-17,6.6,3.1,12.3
108,서울,2020-03-18,10,2.7,17
108,서울,2020-03-19,9.1,5.8,12.1
108,서울,2020-03-20,8.8,3.1,14
108,서울,2020-03-21,12.8,7.9,19.5
108,서울,2020-03-22,11,6.1,16.5
108,서울,2020-03-23,10.6,5.4,17
108,서울,2020-03-24,11.4,5.3,17.9
108,서울,2020-03-25,12.5,6.1,19.2
108,서울,2020-03-26,14.8,8.1,20.6
108,서울,2020-03-27,11.9,6.7,15.8
108,서울,2020-03-28,7.7,4.5,12.8
108,서울,2020-03-29,8.7,1.3,16.1
108,서울,2020-03-30,10.2,4.3,16.9
108,서울,2020-03-31,11.9,4.7,18.6
108,서울,2020-04-01,11.3,6,17.4
108,서울,2020-04-02,9.3,3.4,15.5
108,서울,2020-04-03,10,5.3,16.3
108,서울,2020-04-04,8.9,5,13.3
108,서울,2020-04-05,7.2,1.9,13.7
108,서울,2020-04-06,9.3,2.9,16.1
108,서울,2020-04-07,10.6,6,16.8
108,서울,2020-04-08,9.4,5.2,14.2
108,서울,2020-04-09,8.9,4.3,14.7
108,서울,2020-04-10,10.7,5.8,16.8
108,서울,2020-04-11,9.9,6.2,16
108,서울,2020-04-12,9.9,4.4,15.6
108,서울,2020-04-13,12.4,4.3,20.4
108,서울,2020-04-14,13,7.6,19.6
108,서울,2020-04-15,13.2,7.2,20.2
108,서울,2020-04-16,16,8.9,23.8
108,서울,2020-04-17,12.5,10.4,15.4
108,서울,2020-04-18,13.5,8.5,19.6
108,서울,2020-04-19,12.3,9.5,15.5
108,서울,2020-04-20,10,7.6,13.1
108,서울,2020-04-21,7.4,4.8,10.4
108,서울,2020-04-22,6,4.1,8.3
108,서울,2020-04-23,7.9,2.9,12.8
108,서울,2020-04-24,9.9,4.1,14.3
108,서울,2020-04-25,13.1,9.9,17.1
108,서울,2020-04-26,12.3,6.8,19
108,서울,2020-04-27,12.9,8.7,18.3
108,서울,2020-04-28,13.9,7.8,19.9
108,서울,2020-04-29,14.9,9.3,21
108,서울,2020-04-30,17.1,9.3,23.4
108,서울,2020-05-01,20.2,16.4,26.2
108,서울,2020-05-02,20.3,18,23.9
108,서울,2020-05-03,21.8,17,27.4
108,서울,2020-05-04,20.2,14.8,25.3
108,서울,2020-05-05,16,13.1,19.3
108,서울,2020-05-06,19.4,11.1,27.6
108,서울,2020-05-07,20.7,14.9,26.5
108,서울,2020-05-08,19.9,14.3,27.3
108,서울,2020-05-09,14.2,12.7,16.8
108,서울,2020-05-10,14.4,12.8,16.6
108,서울,2020-05-11,16.5,12.4,22
108,서울,2020-05-12,14.3,10.5,18.9
108,서울,2020-05-13,16.1,10.2,21.8
108,서울,2020-05-14,19.3,12.4,25.4
108,서울,2020-05-15,16.1,14.1,20.2
108,서울,2020-05-16,16.7,15,20.3
108,서울,2020-05-17,19.1,14.6,24.9
108,서울,2020-05-18,19.1,13.2,26.8
108,서울,2020-05-19,13,10.1,17.1
108,서울,2020-05-20,14.4,9.2,20.1
108,서울,2020-05-21,17.4,10.9,22.9
108,서울,2020-05-22,18.5,14.8,22.7
108,서울,2020-05-23,20.1,16.6,25
108,서울,2020-05-24,17.1,14.3,20.2
108,서울,2020-05-25,16.6,13.7,21.3
108,서울,2020-05-26,16.2,12.7,22.9
108,서울,2020-05-27,17.4,11.8,23.9
108,서울,2020-05-28,18.7,14.2,23.4
108,서울,2020-05-29,20.7,14.6,27.6
108,서울,2020-05-30,22.6,16.5,30
108,서울,2020-05-31,21.2,17.6,28
108,서울,2020-06-01,19.7,16.6,24.5
108,서울,2020-06-02,17.9,14.8,21.8
108,서울,2020-06-03,22,17.6,28.4
108,서울,2020-06-04,21.9,19.7,26.5
108,서울,2020-06-05,23,18.4,28.7
108,서울,2020-06-06,24.6,19.2,30.9
108,서울,2020-06-07,22.7,19.2,29.2
108,서울,2020-06-08,25,19.8,32
108,서울,2020-06-09,26.7,20.3,32.8
108,서울,2020-06-10,25.8,22.5,32.1
108,서울,2020-06-11,26.1,21.7,31.6
108,서울,2020-06-12,24.7,21.6,27.6
108,서울,2020-06-13,26.9,20.6,33.5
108,서울,2020-06-14,24,20.1,28.8
108,서울,2020-06-15,23,18.2,28.6
108,서울,2020-06-16,24.4,20,30.7
108,서울,2020-06-17,24.3,20.2,30.3
108,서울,2020-06-18,23.4,20.3,27.3
108,서울,2020-06-19,24.7,21.1,30
108,서울,2020-06-20,24.9,20.7,29.7
108,서울,2020-06-21,26.1,19.5,32.7
108,서울,2020-06-22,28.6,21.7,35.4
108,서울,2020-06-23,27.3,23.2,31
108,서울,2020-06-24,22.3,19.9,26.3
108,서울,2020-06-25,21.6,20.1,23.4
108,서울,2020-06-26,21.8,19.2,25.7
108,서울,2020-06-27,24.1,20.4,29.6
108,서울,2020-06-28,25.2,21.5,30.1
108,서울,2020-06-29,23.8,20.6,26.5
108,서울,2020-06-30,20.1,18.4,23.1
108,서울,2020-07-01,21.1,18.1,24.3
108,서울,2020-07-02,24.2,20.4,29.8
108,서울,2020-07-03,25.5,21.6,30.6
108,서울,2020-07-04,24.2,20.4,29.5
108,서울,2020-07-05,23.8,19.9,27.6
108,서울,2020-07-06,25.6,21.8,30.9
108,서울,2020-07-07,24.1,22.1,28.1
108,서울,2020-07-08,25.5,21.3,30.4
108,서울,2020-07-09,27.5,21.8,32.9
108,서울,2020-07-10,24.5,22.7,27.7
108,서울,2020-07-11,25.8,22.2,30.2
108,서울,2020-07-12,23.5,21.7,26
108,서울,2020-07-13,18.7,17.7,21.7
108,서울,2020-07-14,20.3,17.2,24.3
108,서울,2020-07-15,23.4,18.9,28.7
108,서울,2020-07-16,25,20.4,29.7
108,서울,2020-07-17,26,21.5,31.6
108,서울,2020-07-18,26.1,22.8,31
108,서울,2020-07-19,24,20.6,26.6
108,서울,2020-07-20,23.8,22.4,26.6
108,서울,2020-07-21,25,21.4,30.5
108,서울,2020-07-22,23.7,22.6,25.7
108,서울,2020-07-23,21.1,18.5,22.6
108,서울,2020-07-24,22.5,18.7,26.8
108,서울,2020-07-25,24.3,22.3,29
108,서울,2020-07-26,25.4,21.6,29.6
108,서울,2020-07-27,24.3,22.9,25.5
108,서울,2020-07-28,24.4,22.7,26.4
108,서울,2020-07-29,23.7,22.6,24.9
108,서울,2020-07-30,25.3,23.4,28.4
108,서울,2020-07-31,26.2,22.8,29.6
108,서울,2020-08-01,25.3,24.3,26.9
108,서울,2020-08-02,24.9,23.5,26.4
108,서울,2020-08-03,25,23.9,26.3
108,서울,2020-08-04,27,25,29.4
108,서울,2020-08-05,26.5,25.5,29.1
108,서울,2020-08-06,24.1,22.9,26
108,서울,2020-08-07,24.3,22.6,26.1
108,서울,2020-08-08,24.2,22.7,26.1
108,서울,2020-08-09,24.9,23.7,25.8
108,서울,2020-08-10,26.5,24.7,29.5
108,서울,2020-08-11,24.6,22.4,27.3
108,서울,2020-08-12,27.2,23.5,31.3
108,서울,2020-08-13,28,26.3,30.3
108,서울,2020-08-14,27.1,26.5,28
108,서울,2020-08-15,26.1,25,27
108,서울,2020-08-16,27.4,25.3,30.8
108,서울,2020-08-17,28.2,26.1,32.2
108,서울,2020-08-18,27.5,24,31.9
108,서울,2020-08-19,27.1,23.6,31.4
108,서울,2020-08-20,27.7,25,31.7
108,서울,2020-08-21,26.6,25.2,29.2
108,서울,2020-08-22,24.3,21.7,27.6
108,서울,2020-08-23,25.3,21.5,29.9
108,서울,2020-08-24,27.8,23.7,32
108,서울,2020-08-25,29.9,26,34.5
108,서울,2020-08-26,30.2,27,34.5
108,서울,2020-08-27,27.1,25.6,28.6
108,서울,2020-08-28,27.3,26,29.7
108,서울,2020-08-29,26.8,25.5,29
108,서울,2020-08-30,26.8,24.4,30.6
108,서울,2020-08-31,26.4,23.8,30
108,서울,2020-09-01,26.6,23.8,29.5
108,서울,2020-09-02,24.3,22.6,26.4
108,서울,2020-09-03,22.7,20,25.6
108,서울,2020-09-04,23.3,19.9,27.5
108,서울,2020-09-05,23.3,19.2,27.3
108,서울,2020-09-06,21.7,19.5,24.4
108,서울,2020-09-07,19.2,17.5,20.6
108,서울,2020-09-08,23.4,20.6,26.5
108,서울,2020-09-09,21.1,19,25.3
108,서울,2020-09-10,22.8,18.8,27
108,서울,2020-09-11,22.4,19.2,27.1
108,서울,2020-09-12,20.2,18.1,23.2
108,서울,2020-09-13,21.5,16.7,26.6
108,서울,2020-09-14,21.3,17.6,24.9
108,서울,2020-09-15,23,18.9,27.7
108,서울,2020-09-16,22.5,21.3,24.9
108,서울,2020-09-17,21.3,20.1,23.6
108,서울,2020-09-18,21.5,18.1,25.8
108,서울,2020-09-19,21.2,17.6,26.2
108,서울,2020-09-20,19.7,15.6,24.9
108,서울,2020-09-21,19.1,13.6,25.3
108,서울,2020-09-22,20.2,15.5,25.6
108,서울,2020-09-23,19.2,15.2,23.8
108,서울,2020-09-24,20.6,16.8,25.4
108,서울,2020-09-25,20.1,16.6,25.4
108,서울,2020-09-26,19.3,14.8,24.8
108,서울,2020-09-27,20.4,14.9,25.8
108,서울,2020-09-28,20.7,15.7,26.5
108,서울,2020-09-29,19.6,15.3,23.9
108,서울,2020-09-30,19.6,16.2,25.7
108,서울,2020-10-01,18.8,15.6,23.6
108,서울,2020-10-02,19.2,16.3,21.9
108,서울,2020-10-03,19.9,18.3,23.2
108,서울,2020-10-04,16.6,10.6,21.8
108,서울,2020-10-05,13.3,8.5,18.4
108,서울,2020-10-06,14.2,9.3,19.7
108,서울,2020-10-07,16,9.9,22
108,서울,2020-10-08,17.2,12.1,23.1
108,서울,2020-10-09,17.2,12.4,23.3
108,서울,2020-10-10,16.9,12.3,21.5
108,서울,2020-10-11,16.9,12.7,20.8
108,서울,2020-10-12,16.2,12.1,21.3
108,서울,2020-10-13,13.6,8.6,18.4
108,서울,2020-10-14,12.8,8.5,18
108,서울,2020-10-15,11.7,6.5,18.5
108,서울,2020-10-16,11.8,8.6,15.4
108,서울,2020-10-17,13.1,8.7,18.6
108,서울,2020-10-18,13.6,7.2,20.2
108,서울,2020-10-19,15.1,9.8,21.3
108,서울,2020-10-20,15.2,9.9,21.7
108,서울,2020-10-21,14.1,11.8,17.3
108,서울,2020-10-22,13.5,8.4,18.2
108,서울,2020-10-23,8.6,5.4,13.3
108,서울,2020-10-24,8.7,3.2,14
108,서울,2020-10-25,11.8,5.4,18.2
108,서울,2020-10-26,12.9,8,19
108,서울,2020-10-27,14,9,19.4
108,서울,2020-10-28,13.8,8.6,18.2
108,서울,2020-10-29,10.8,5.5,16.1
108,서울,2020-10-30,11.9,5.8,19.6
108,서울,2020-10-31,13.6,8.5,18.2
108,서울,2020-11-01,13.7,11.6,15
108,서울,2020-11-02,10.8,7.9,15.6
108,서울,2020-11-03,5.1,2.7,8.6
108,서울,2020-11-04,4.9,.2,10.8
108,서울,2020-11-05,9.6,3.4,15.9
108,서울,2020-11-06,13.5,9.9,17.2
108,서울,2020-11-07,14.6,12.2,18.1
108,서울,2020-11-08,8.5,3.1,12.4
108,서울,2020-11-09,5.5,.7,8.9
108,서울,2020-11-10,7.7,3.5,12.9
108,서울,2020-11-11,9.3,3.5,16.5
108,서울,2020-11-12,10.4,4.6,17.7
108,서울,2020-11-13,12.2,8.5,17.6
108,서울,2020-11-14,12.5,6.8,19.3
108,서울,2020-11-15,11.1,8.2,14.9
108,서울,2020-11-16,12.4,7.5,18.3
108,서울,2020-11-17,15.9,11.7,20
108,서울,2020-11-18,16.6,14.8,18.7
108,서울,2020-11-19,13.6,6.9,19.1
108,서울,2020-11-20,2.8,.3,7
108,서울,2020-11-21,6.5,-.3,12.8
108,서울,2020-11-22,5.6,1.5,9.1
108,서울,2020-11-23,1.7,-1.5,5.9
108,서울,2020-11-24,2.9,.2,6.4
108,서울,2020-11-25,4.6,0,9.5
108,서울,2020-11-26,5.6,1.9,10.9
108,서울,2020-11-27,4.1,.6,7.7
108,서울,2020-11-28,-.1,-2.3,2.8
108,서울,2020-11-29,-.6,-3.6,2.6
108,서울,2020-11-30,-.2,-3.6,4.3
108,서울,2020-12-01,1.1,-3.6,6.7
108,서울,2020-12-02,2.4,.5,6.1
108,서울,2020-12-03,.7,-2.3,4.2
108,서울,2020-12-04,-.6,-4.6,4.4
108,서울,2020-12-05,2.1,-2.2,6.6
108,서울,2020-12-06,4.5,1.2,9.1
108,서울,2020-12-07,3.4,-.7,6.3
108,서울,2020-12-08,-.5,-3.5,4.1
108,서울,2020-12-09,1.5,-4.1,6.2
108,서울,2020-12-10,5.8,3.2,9.3
108,서울,2020-12-11,5.3,2.6,9.4
108,서울,2020-12-12,2.3,-.3,6.1
108,서울,2020-12-13,-1.1,-6,2
108,서울,2020-12-14,-7.7,-9.7,-5
108,서울,2020-12-15,-8.3,-11.1,-4.6
108,서울,2020-12-16,-8.3,-11.2,-3.9
108,서울,2020-12-17,-4.9,-11.1,.8
108,서울,2020-12-18,-2.1,-6.4,1.8
108,서울,2020-12-19,-5.1,-9.6,-1.2
108,서울,2020-12-20,-3.7,-8.2,1.1
108,서울,2020-12-21,-1,-6,4.7
108,서울,2020-12-22,2,-2.5,7.2
108,서울,2020-12-23,4.5,-.4,8.5
108,서울,2020-12-24,2.6,-2,6.1
108,서울,2020-12-25,-.8,-4.7,3.5
108,서울,2020-12-26,2.2,-2.1,8
108,서울,2020-12-27,5.8,1.4,10
108,서울,2020-12-28,6.7,4.2,11.4
108,서울,2020-12-29,.1,-6.2,4.3
108,서울,2020-12-30,-10.9,-12.9,-6.2
108,서울,2020-12-31,-8.9,-12.9,-5
108,서울,2021-01-01,-4.2,-9.8,1.6
108,서울,2021-01-02,-5,-8.4,-1.4
108,서울,2021-01-03,-5.6,-9.1,-2
108,서울,2021-01-04,-3.5,-8.4,.3
108,서울,2021-01-05,-5.5,-9.9,-2.1
108,서울,2021-01-06,-7.4,-12,-1.9
108,서울,2021-01-07,-14.5,-16.5,-8.4
108,서울,2021-01-08,-14.9,-18.6,-10.7
108,서울,2021-01-09,-12.2,-16.6,-7.5
108,서울,2021-01-10,-7.7,-12.8,-2.7
108,서울,2021-01-11,-6.7,-9.6,-4
108,서울,2021-01-12,-3.9,-9.3,-.5
108,서울,2021-01-13,2,-3,8.3
108,서울,2021-01-14,1.7,-3.6,7
108,서울,2021-01-15,4.5,-.7,9.9
108,서울,2021-01-16,-4.9,-8.7,-.7
108,서울,2021-01-17,-5.5,-10.8,-1.3
108,서울,2021-01-18,-3.8,-9.1,.2
108,서울,2021-01-19,-6.3,-11.6,-.2
108,서울,2021-01-20,-.1,-6.6,7.1
108,서울,2021-01-21,4.5,2.5,7
108,서울,2021-01-22,5.5,4.8,6.6
108,서울,2021-01-23,7.6,4.8,12.2
108,서울,2021-01-24,7.3,2.4,13.9
108,서울,2021-01-25,7.9,3,13.9
108,서울,2021-01-26,5.3,1.7,7.4
108,서울,2021-01-27,1.7,-1.8,6.5
108,서울,2021-01-28,-2.6,-9.7,1.4
108,서울,2021-01-29,-8.8,-11.6,-4.9
108,서울,2021-01-30,-1.6,-8.1,5.2
108,서울,2021-01-31,3.2,-3.8,8.7
108,서울,2021-02-01,5,-2.3,9.5
108,서울,2021-02-02,-5.6,-8.2,-2.4
108,서울,2021-02-03,-3.2,-9.4,1.4
108,서울,2021-02-04,-3.6,-7.4,.7
108,서울,2021-02-05,1.4,-4.4,6.7
108,서울,2021-02-06,6.8,4.3,9.5
108,서울,2021-02-07,3.6,-2.6,7.7
108,서울,2021-02-08,-3.1,-5.4,.2
108,서울,2021-02-09,-.9,-6.1,4.7
108,서울,2021-02-10,3.4,-1.5,7.2
108,서울,2021-02-11,5.5,1.3,10.9
108,서울,2021-02-12,6.5,.6,14
108,서울,2021-02-13,7.6,1,15.9
108,서울,2021-02-14,9.5,6.4,13.8
108,서울,2021-02-15,1.2,-5.2,8.2
108,서울,2021-02-16,-5.1,-7,-1.3
108,서울,2021-02-17,-8.3,-10.4,-5.2
108,서울,2021-02-18,-5.8,-10.6,-.4
108,서울,2021-02-19,1.6,-7.1,8.9
108,서울,2021-02-20,8.8,5.5,14.9
108,서울,2021-02-21,10.8,4.7,17.4
108,서울,2021-02-22,7.8,.4,12.6
108,서울,2021-02-23,0,-3.1,4.3
108,서울,2021-02-24,2.9,-3,10.1
108,서울,2021-02-25,4.2,.7,8.2
108,서울,2021-02-26,8.2,.5,15.8
108,서울,2021-02-27,9.5,4.3,16.2
108,서울,2021-02-28,7.8,3.2,10.8
108,서울,2021-03-01,4.7,.5,9
108,서울,2021-03-02,2.3,.2,6.9
108,서울,2021-03-03,4.4,-1.2,9.9
108,서울,2021-03-04,7.2,2.5,13
108,서울,2021-03-05,9,3,16.2
108,서울,2021-03-06,6.6,3.2,11.6
108,서울,2021-03-07,6.2,2.1,12.2
108,서울,2021-03-08,7,1.5,13.9
108,서울,2021-03-09,6.6,2.1,12.2
108,서울,2021-03-10,8.8,1.7,17.1
108,서울,2021-03-11,10.2,4.7,17.1
108,서울,2021-03-12,10.5,7.2,14.9
108,서울,2021-03-13,9.2,4.6,14.2
108,서울,2021-03-14,9.1,4.9,14.7
108,서울,2021-03-15,10.6,5.1,15.7
108,서울,2021-03-16,8.4,4.9,13.1
108,서울,2021-03-17,8.8,1.8,17.5
108,서울,2021-03-18,11.7,5,18.4
108,서울,2021-03-19,15.3,11.4,20.2
108,서울,2021-03-20,9.9,7.4,14.7
108,서울,2021-03-21,5.8,3.1,8.6
108,서울,2021-03-22,6.2,1.1,11.1
108,서울,2021-03-23,9.1,2.5,16.4
108,서울,2021-03-24,10.8,5.7,16.9
108,서울,2021-03-25,11.9,6.8,19
108,서울,2021-03-26,12.6,4.8,20.6
108,서울,2021-03-27,12.1,10.2,15
108,서울,2021-03-28,9,7.7,13
108,서울,2021-03-29,10.2,7.3,14.6
108,서울,2021-03-30,10.8,4.1,18.2
108,서울,2021-03-31,14.5,5.9,22.9
108,서울,2021-04-01,17.7,12,24
108,서울,2021-04-02,17.8,12.5,23
108,서울,2021-04-03,14.9,10.9,18
108,서울,2021-04-04,11.9,9,15.8
108,서울,2021-04-05,11.9,5.4,19.3
108,서울,2021-04-06,13.9,9.4,19.2
108,서울,2021-04-07,14.1,8.1,20.4
108,서울,2021-04-08,13,7.2,18
108,서울,2021-04-09,13.6,7.6,19.6
108,서울,2021-04-10,12.6,7.7,18.8
108,서울,2021-04-11,15,7.5,21.8
108,서울,2021-04-12,13.8,11.9,17.8
108,서울,2021-04-13,10.4,5.7,13.5
108,서울,2021-04-14,8.4,3.1,13.3
108,서울,2021-04-15,11.6,6.3,18.3
108,서울,2021-04-16,11.3,8.1,14.8
108,서울,2021-04-17,9.6,6,14.6
108,서울,2021-04-18,9.9,5.6,15.3
108,서울,2021-04-19,12.2,5.8,19.4
108,서울,2021-04-20,14.8,8.1,22
108,서울,2021-04-21,19.1,10.3,28.2
108,서울,2021-04-22,20.9,16.1,27.5
108,서울,2021-04-23,19,17,21.7
108,서울,2021-04-24,18.3,15.3,22.2
108,서울,2021-04-25,18.2,12.6,24
108,서울,2021-04-26,16.2,12.3,20.6
108,서울,2021-04-27,15.4,12.5,20
108,서울,2021-04-28,14.5,11.2,18.2
108,서울,2021-04-29,14.6,10.9,20.1
108,서울,2021-04-30,11.3,8.6,14.6
108,서울,2021-05-01,10.2,8.5,15.3
108,서울,2021-05-02,12.4,7.3,18.7
108,서울,2021-05-03,14.1,8.4,20.3
108,서울,2021-05-04,13.8,11.4,15.8
108,서울,2021-05-05,13.9,10.3,18.4
108,서울,2021-05-06,15.7,7.9,23.1
108,서울,2021-05-07,14.4,10.7,17.2
108,서울,2021-05-08,14.3,8.9,21
108,서울,2021-05-09,15.7,10,21.8
108,서울,2021-05-10,13.2,11.7,14.6
108,서울,2021-05-11,18.5,9.4,25.7
108,서울,2021-05-12,22,16.9,27.7
108,서울,2021-05-13,22.9,16.6,29.6
108,서울,2021-05-14,24.1,18,30.8
108,서울,2021-05-15,22.1,20.8,26.2
108,서울,2021-05-16,18.4,14.8,20.8
108,서울,2021-05-17,15.3,14.2,16.7
108,서울,2021-05-18,17.9,13.6,24.5
108,서울,2021-05-19,19.9,12.4,26.6
108,서울,2021-05-20,18.7,15.6,22.9
108,서울,2021-05-21,16,14.2,18.2
108,서울,2021-05-22,18.6,13.8,23.8
108,서울,2021-05-23,19.5,14.3,25.1
108,서울,2021-05-24,19.4,16.4,24.5
108,서울,2021-05-25,15.3,11.9,19.3
108,서울,2021-05-26,18,11.5,23
108,서울,2021-05-27,15.8,13.9,18.7
108,서울,2021-05-28,15.3,12.4,19.7
108,서울,2021-05-29,15.4,12.8,19.1
108,서울,2021-05-30,18.4,10.8,26.3
108,서울,2021-05-31,19.9,16.5,23.8
108,서울,2021-06-01,20.2,15.9,23.9
108,서울,2021-06-02,23.2,16.6,29.7
108,서울,2021-06-03,19.1,14.6,22.7
108,서울,2021-06-04,18.5,13.3,23.6
108,서울,2021-06-05,20.8,17,25.7
108,서울,2021-06-06,23,18.4,28.2
108,서울,2021-06-07,21.1,19.4,24
108,서울,2021-06-08,23.6,18.8,29.5
108,서울,2021-06-09,25.8,19.5,31.6
108,서울,2021-06-10,24.9,20.5,29.8
108,서울,2021-06-11,21.5,19.9,24.4
108,서울,2021-06-12,24.2,18.2,30.2
108,서울,2021-06-13,24.8,20.9,29.7
108,서울,2021-06-14,24.8,18.9,30.2
108,서울,2021-06-15,22.5,21.5,25.3
108,서울,2021-06-16,24.3,20.3,28.9
108,서울,2021-06-17,21.9,19.6,25
108,서울,2021-06-18,20,19,21.4
108,서울,2021-06-19,22.3,17.5,27.4
108,서울,2021-06-20,22.9,17.6,29
108,서울,2021-06-21,23.6,19.2,28.5
108,서울,2021-06-22,22.8,19.7,28.6
108,서울,2021-06-23,22.4,18.8,27.9
108,서울,2021-06-24,23,18.5,28
108,서울,2021-06-25,24.1,19.5,29.5
108,서울,2021-06-26,22.8,19.9,26.7
108,서울,2021-06-27,24.5,19.8,30.8
108,서울,2021-06-28,23.7,21,29.2
108,서울,2021-06-29,23.9,21.3,28.4
108,서울,2021-06-30,24.3,21,28.8
108,서울,2021-07-01,26.3,21.4,31
108,서울,2021-07-02,27.1,23.6,31.8
108,서울,2021-07-03,22.6,19.6,25.7
108,서울,2021-07-04,21.4,19.8,23.1
108,서울,2021-07-05,23.3,20.1,26.9
108,서울,2021-07-06,25.3,21,30.1
108,서울,2021-07-07,26.4,23.9,29.1
108,서울,2021-07-08,26,23.8,29.8
108,서울,2021-07-09,25.5,23.6,29.2
108,서울,2021-07-10,25.9,23.1,29.2
108,서울,2021-07-11,25.7,24.1,27.5
108,서울,2021-07-12,28.1,23.8,32.5
108,서울,2021-07-13,28.8,26.3,31.5
108,서울,2021-07-14,29.7,26.1,33.5
108,서울,2021-07-15,29.1,25.9,34.5
108,서울,2021-07-16,28.8,24.2,35.2
108,서울,2021-07-17,29.1,24.7,32.8
108,서울,2021-07-18,29.6,25.7,34.1
108,서울,2021-07-19,26.4,24,30.5
108,서울,2021-07-20,27.9,23.6,31.8
108,서울,2021-07-21,30.5,25.3,35.3
108,서울,2021-07-22,31.2,26.5,35.9
108,서울,2021-07-23,31.2,27.2,35.8
108,서울,2021-07-24,31.7,26.9,36.5
108,서울,2021-07-25,31.5,27.2,35.9
108,서울,2021-07-26,31.2,27.4,35.4
108,서울,2021-07-27,31.1,27.8,35.7
108,서울,2021-07-28,30.4,27.1,34.7
108,서울,2021-07-29,29.6,27,33.3
108,서울,2021-07-30,30.5,25.8,35.4
108,서울,2021-07-31,29.8,26.8,34.3
108,서울,2021-08-01,27.1,25.1,28.8
108,서울,2021-08-02,26.5,25,28.6
108,서울,2021-08-03,28,24.1,31.4
108,서울,2021-08-04,28.9,26.3,33.2
108,서울,2021-08-05,29.4,25.6,33.7
108,서울,2021-08-06,28.1,26,32.2
108,서울,2021-08-07,28,23.4,32.3
108,서울,2021-08-08,26.8,24.4,32.1
108,서울,2021-08-09,28.3,23.3,33.6
108,서울,2021-08-10,27.7,24.3,32.2
108,서울,2021-08-11,27.4,24.1,31.6
108,서울,2021-08-12,26.8,24,31.7
108,서울,2021-08-13,26.6,23.4,30.1
108,서울,2021-08-14,26.1,23.4,30.5
108,서울,2021-08-15,26.9,21.7,32.4
108,서울,2021-08-16,27.3,22.5,32.8
108,서울,2021-08-17,25.9,21.9,31.3
108,서울,2021-08-18,24.3,20.6,31
108,서울,2021-08-19,26,21,31.5
108,서울,2021-08-20,26.6,22.6,30.7
108,서울,2021-08-21,23.8,21,25.5
108,서울,2021-08-22,24.4,22.4,27
108,서울,2021-08-23,22.4,21,24
108,서울,2021-08-24,23.4,21.1,26.4
108,서울,2021-08-25,25,23.5,27.3
108,서울,2021-08-26,25.5,22.9,27.9
108,서울,2021-08-27,22.4,20.4,25.5
108,서울,2021-08-28,23.6,19.7,28.2
108,서울,2021-08-29,23.7,21.9,26.3
108,서울,2021-08-30,24.2,21.2,27.7
108,서울,2021-08-31,20.5,18.1,23.1
108,서울,2021-09-01,21.4,18.5,23.9
108,서울,2021-09-02,23.5,20.7,26.7
108,서울,2021-09-03,24.3,20.6,29.2
108,서울,2021-09-04,23.2,18.5,28.6
108,서울,2021-09-05,23.1,19.4,27.3
108,서울,2021-09-06,22.3,18,26.4
108,서울,2021-09-07,19.6,17.6,20.9
108,서울,2021-09-08,22.2,19,26.9
108,서울,2021-09-09,23.5,19.1,29.1
108,서울,2021-09-10,23.6,19.5,28.9
108,서울,2021-09-11,24,19.9,29.4
108,서울,2021-09-12,24.2,19.2,29.8
108,서울,2021-09-13,24.8,20.8,30.3
108,서울,2021-09-14,24.6,20,29.5
108,서울,2021-09-15,23.6,19.5,28.9
108,서울,2021-09-16,22.9,18,27.3
108,서울,2021-09-17,23.5,20.5,28.2
108,서울,2021-09-18,23.9,18.9,29.8
108,서울,2021-09-19,23.7,20.8,27.8
108,서울,2021-09-20,23.7,19,28.4
108,서울,2021-09-21,22,17.4,26.2
108,서울,2021-09-22,20.2,16.8,24.3
108,서울,2021-09-23,20.9,16.9,25.9
108,서울,2021-09-24,21.8,16.7,26.9
108,서울,2021-09-25,21.2,18.7,23.1
108,서울,2021-09-26,22.6,18.4,27.3
108,서울,2021-09-27,21.6,18.7,25
108,서울,2021-09-28,21.5,19.6,24.4
108,서울,2021-09-29,20.2,17.8,21.4
108,서울,2021-09-30,20.3,16,25.9
108,서울,2021-10-01,21.1,16.9,27.5
108,서울,2021-10-02,20.7,16.4,26.6
108,서울,2021-10-03,22.3,17.1,28.8
108,서울,2021-10-04,22.9,19.2,25.6
108,서울,2021-10-05,23.6,21.7,26.5
108,서울,2021-10-06,18.8,17.9,21.7
108,서울,2021-10-07,19.4,17.9,21.9
108,서울,2021-10-08,18.8,17.5,20
108,서울,2021-10-09,20.9,18.5,24.1
108,서울,2021-10-10,19.9,14.9,24.3
108,서울,2021-10-11,15.2,12.6,17.8
108,서울,2021-10-12,17.9,15.8,21.3
108,서울,2021-10-13,19.6,14.9,25.2
108,서울,2021-10-14,19.7,17.4,23.9
108,서울,2021-10-15,19,17,21.4
108,서울,2021-10-16,10.7,4.2,18.1
108,서울,2021-10-17,5.6,1.3,10.8
108,서울,2021-10-18,9.6,2.8,16.1
108,서울,2021-10-19,10.9,7.1,15
108,서울,2021-10-20,9.5,4.6,15.8
108,서울,2021-10-21,9.8,4.9,16.2
108,서울,2021-10-22,10.8,5.2,17.2
108,서울,2021-10-23,11.4,5.7,18.4
108,서울,2021-10-24,11.4,6,18.1
108,서울,2021-10-25,11.7,6.3,17.6
108,서울,2021-10-26,13,7.7,19
108,서울,2021-10-27,13.4,9.8,18.1
108,서울,2021-10-28,12.7,7.1,20
108,서울,2021-10-29,14.6,10.5,20.6
108,서울,2021-10-30,13.8,11,18
108,서울,2021-10-31,14.1,9.2,20.3
108,서울,2021-11-01,12.9,10.3,16.9
108,서울,2021-11-02,11.5,7.9,16.9
108,서울,2021-11-03,12.1,7.6,17.1
108,서울,2021-11-04,12.1,8.4,16.3
108,서울,2021-11-05,13,7.8,20.2
108,서울,2021-11-06,14.1,8.8,21.3
108,서울,2021-11-07,15.3,9.7,21.3
108,서울,2021-11-08,8.6,4.5,15.5
108,서울,2021-11-09,4.9,3,6.5
108,서울,2021-11-10,4.2,.7,7.7
108,서울,2021-11-11,5.3,2.1,9.7
108,서울,2021-11-12,4.5,1.3,8.6
108,서울,2021-11-13,7.3,.5,13.4
108,서울,2021-11-14,11.3,7.8,16.4
108,서울,2021-11-15,10.1,5.8,15.7
108,서울,2021-11-16,8.5,4.4,13.6
108,서울,2021-11-17,7.5,2.7,12.5
108,서울,2021-11-18,11.9,7.7,16.2
108,서울,2021-11-19,12.9,10.2,16.7
108,서울,2021-11-20,10.4,6.8,15.6
108,서울,2021-11-21,10.4,7.6,13.1
108,서울,2021-11-22,2.7,-.6,7.5
108,서울,2021-11-23,-.6,-3.7,2.3
108,서울,2021-11-24,4.1,-2.6,9.1
108,서울,2021-11-25,5.7,2.6,9.9
108,서울,2021-11-26,2.9,-.5,7.2
108,서울,2021-11-27,3.4,-1.4,10.1
108,서울,2021-11-28,5.1,-1.3,12.4
108,서울,2021-11-29,7.6,2.5,13.7
108,서울,2021-11-30,5.7,.7,8.9
108,서울,2021-12-01,-1.3,-3,1.5
108,서울,2021-12-02,1.3,-4.6,5
108,서울,2021-12-03,1.9,-1.8,4.6
108,서울,2021-12-04,1.4,-2.7,7
108,서울,2021-12-05,2.9,-2.3,9.6
108,서울,2021-12-06,5.4,-.7,12.1
108,서울,2021-12-07,6.8,2.6,13.3
108,서울,2021-12-08,6.7,1.9,13.3
108,서울,2021-12-09,6.5,2.7,9.7
108,서울,2021-12-10,7,5.8,8.2
108,서울,2021-12-11,6,4.4,9.8
108,서울,2021-12-12,1.2,-3.8,5.1
108,서울,2021-12-13,-2.2,-5.9,1.9
108,서울,2021-12-14,3.7,-.7,8.2
108,서울,2021-12-15,7.2,5.4,10
108,서울,2021-12-16,6.4,3.3,9.8
108,서울,2021-12-17,-5.6,-10.1,3.2
108,서울,2021-12-18,-5.7,-11.2,-1.8
108,서울,2021-12-19,-.8,-5.8,4.2
108,서울,2021-12-20,5.2,-.9,11.1
108,서울,2021-12-21,5.2,.8,8.9
108,서울,2021-12-22,2.2,-2.6,8.2
108,서울,2021-12-23,2.7,-1.5,8.3
108,서울,2021-12-24,-.3,-7.3,3.2
108,서울,2021-12-25,-11.7,-14.4,-7.3
108,서울,2021-12-26,-12.1,-15.5,-7.3
108,서울,2021-12-27,-7.6,-12.9,-3.9
108,서울,2021-12-28,-4.1,-8.5,-.9
108,서울,2021-12-29,.4,-3.8,5.9
108,서울,2021-12-30,-3.9,-6.8,.2
108,서울,2021-12-31,-6.7,-8.8,-3.9
108,서울,2022-01-01,-4.3,-10.2,2.3
108,서울,2022-01-02,-1.3,-5.2,3
108,서울,2022-01-03,-1.9,-8,2.5
108,서울,2022-01-04,-2.5,-5.6,1
108,서울,2022-01-05,-2.8,-7.8,1.9
108,서울,2022-01-06,-2.2,-5.9,3.3
108,서울,2022-01-07,-1.6,-5.9,4.5
108,서울,2022-01-08,.3,-5,3.7
108,서울,2022-01-09,1.3,-1.2,5.6
108,서울,2022-01-10,.5,-3.4,4.4
108,서울,2022-01-11,-7.4,-10.3,.3
108,서울,2022-01-12,-7.7,-11.3,-3.4
108,서울,2022-01-13,-6.4,-8.9,-3.1
108,서울,2022-01-14,-4.8,-10.1,1.3
108,서울,2022-01-15,-1,-5.3,1.8
108,서울,2022-01-16,-2,-7.2,2.4
108,서울,2022-01-17,-5.8,-9.2,.1
108,서울,2022-01-18,-5.6,-9.9,-.7
108,서울,2022-01-19,-5.3,-7.7,-2.7
108,서울,2022-01-20,-5,-9.8,.9
108,서울,2022-01-21,-2.7,-8.7,4.6
108,서울,2022-01-22,.3,-5,7.1
108,서울,2022-01-23,2,-.6,6.7
108,서울,2022-01-24,4.6,1.3,8.4
108,서울,2022-01-25,2.8,1.9,4.5
108,서울,2022-01-26,1.3,-1.9,6.8
108,서울,2022-01-27,-1.1,-4.6,4
108,서울,2022-01-28,-2.7,-5.9,2.1
108,서울,2022-01-29,-3.6,-7.2,.9
108,서울,2022-01-30,-2.8,-8,2.4
108,서울,2022-01-31,-.7,-6.8,4.8
108,서울,2022-02-01,-1.3,-2.7,.9
108,서울,2022-02-02,-3.4,-6,0
108,서울,2022-02-03,-3.4,-6.9,.4
108,서울,2022-02-04,-5.2,-8.2,-.7
108,서울,2022-02-05,-6.6,-9.7,-2
108,서울,2022-02-06,-3.9,-8.4,1.7
108,서울,2022-02-07,-2.5,-7.3,1.9
108,서울,2022-02-08,-.1,-4.1,5.6
108,서울,2022-02-09,1,-4.3,7.2
108,서울,2022-02-10,1.4,-3.2,6.7
108,서울,2022-02-11,2.9,-2.6,8.8
108,서울,2022-02-12,4.8,-.1,10.4
108,서울,2022-02-13,4.8,1.6,9.5
108,서울,2022-02-14,2.5,-1.3,8.1
108,서울,2022-02-15,-4.7,-7.7,-1.3
108,서울,2022-02-16,-7.3,-9.6,-4.1
108,서울,2022-02-17,-6.2,-10.7,-.5
108,서울,2022-02-18,-1.2,-8,5.7
108,서울,2022-02-19,-1.7,-6.2,3.7
108,서울,2022-02-20,-4.8,-8.4,-.5
108,서울,2022-02-21,-3,-8.1,3.6
108,서울,2022-02-22,-4.5,-8,.5
108,서울,2022-02-23,-5.6,-10,-.6
108,서울,2022-02-24,-2.4,-8.5,3.7
108,서울,2022-02-25,3,-3.6,8.4
108,서울,2022-02-26,5.4,1,9.3
108,서울,2022-02-27,3.7,-1.6,9.1
108,서울,2022-02-28,6.8,2.7,11.5
108,서울,2022-03-01,5.8,.3,9.7
108,서울,2022-03-02,3.5,-2.3,8.8
108,서울,2022-03-03,5.8,.9,12.4
108,서울,2022-03-04,6.9,.6,14.6
108,서울,2022-03-05,2.3,-.7,6.7
108,서울,2022-03-06,1.4,-3,6.8
108,서울,2022-03-07,2.8,-2.7,8.7
108,서울,2022-03-08,6,1.1,12.3
108,서울,2022-03-09,7.1,1.7,14.8
108,서울,2022-03-10,9.3,4.2,15.8
108,서울,2022-03-11,11.2,5.1,18.4
108,서울,2022-03-12,12.8,6.3,19.5
108,서울,2022-03-13,11.7,10.7,12.6
108,서울,2022-03-14,8.2,4.9,13.2
108,서울,2022-03-15,7.2,2.3,13.3
108,서울,2022-03-16,10.3,3.6,16.8
108,서울,2022-03-17,10.7,7.8,15.1
108,서울,2022-03-18,7.5,5.5,9.6
108,서울,2022-03-19,3.4,.9,6.1
108,서울,2022-03-20,5.4,2.2,9.3
108,서울,2022-03-21,5,-.3,10.9
108,서울,2022-03-22,7.1,1.1,13.6
108,서울,2022-03-23,6.2,4.9,8.2
108,서울,2022-03-24,8.2,3.9,12.4
108,서울,2022-03-25,12,6.3,17.2
108,서울,2022-03-26,11.8,9.5,14.7
108,서울,2022-03-27,8.1,5,12.6
108,서울,2022-03-28,8.2,1.5,15.1
108,서울,2022-03-29,9.7,3.3,15.6
108,서울,2022-03-30,10.8,5.9,15.7
108,서울,2022-03-31,10.9,7.6,14.7
108,서울,2022-04-01,9.2,4.5,14.9
108,서울,2022-04-02,8.2,3.7,14.2
108,서울,2022-04-03,9.6,3.5,17
108,서울,2022-04-04,10.3,5.1,16.4
108,서울,2022-04-05,10.3,4.9,15.8
108,서울,2022-04-06,11.7,8,17
108,서울,2022-04-07,10.9,7.4,15.7
108,서울,2022-04-08,12.9,5.1,20
108,서울,2022-04-09,17.8,12.4,24.2
108,서울,2022-04-10,18.2,12.7,25.1
108,서울,2022-04-11,19.6,13.4,26.6
108,서울,2022-04-12,19.3,15.9,26.4
108,서울,2022-04-13,13.1,12,15.9
108,서울,2022-04-14,13.2,11.4,15.3
108,서울,2022-04-15,13.3,7.5,19.3
108,서울,2022-04-16,13.2,7.1,20.2
108,서울,2022-04-17,14,7.2,21.9
108,서울,2022-04-18,15.2,11.4,21.6
108,서울,2022-04-19,15.2,8.9,22.1
108,서울,2022-04-20,15.7,9.7,22.1
108,서울,2022-04-21,16.3,9.6,22.7
108,서울,2022-04-22,15,13.2,16.8
108,서울,2022-04-23,17.7,10.4,25.3
108,서울,2022-04-24,18.5,15,24.5
108,서울,2022-04-25,20,17,23.6
108,서울,2022-04-26,21.9,17,28.7
108,서울,2022-04-27,17.7,12.6,23.9
108,서울,2022-04-28,18.2,11.6,25.9
108,서울,2022-04-29,13.4,10.7,16.5
108,서울,2022-04-30,13,10.5,17.8
108,서울,2022-05-01,13.4,7.9,19.2
108,서울,2022-05-02,14.2,9.1,19.4
108,서울,2022-05-03,14.8,9.1,20.8
108,서울,2022-05-04,17.8,10,25.2
108,서울,2022-05-05,18.9,12.5,25.8
108,서울,2022-05-06,19.6,13.7,25.6
108,서울,2022-05-07,18.4,15.3,23.1
108,서울,2022-05-08,15.3,11.7,18.2
108,서울,2022-05-09,17.9,11,25.3
108,서울,2022-05-10,19.9,13.6,26.3
108,서울,2022-05-11,19.7,16.6,25.2
108,서울,2022-05-12,20.9,14.1,28.1
108,서울,2022-05-13,19.4,15,25.2
108,서울,2022-05-14,15.7,11.9,20
108,서울,2022-05-15,16.2,10.5,22.4
108,서울,2022-05-16,17.3,10.9,23.7
108,서울,2022-05-17,20,13,27.4
108,서울,2022-05-18,20,15.7,25.4
108,서울,2022-05-19,19.9,16.1,24.2
108,서울,2022-05-20,20.6,15.6,25.8
108,서울,2022-05-21,20.1,16.1,26
108,서울,2022-05-22,20.3,15.7,25.8
108,서울,2022-05-23,23,17.8,30.7
108,서울,2022-05-24,22.9,16.7,30.2
108,서울,2022-05-25,21,16.7,26.7
108,서울,2022-05-26,18.7,14.1,23.5
108,서울,2022-05-27,20,16,25.6
108,서울,2022-05-28,22.3,15,29.3
108,서울,2022-05-29,23.1,19.3,29.7
108,서울,2022-05-30,20.8,17.2,24.7
108,서울,2022-05-31,20.7,14.2,27.2
108,서울,2022-06-01,22.1,16.2,28.6
108,서울,2022-06-02,21.5,17.1,26.9
108,서울,2022-06-03,24.5,18.7,32.6
108,서울,2022-06-04,25.6,20.3,29.7
108,서울,2022-06-05,22.7,20.2,27
108,서울,2022-06-06,19.7,16.7,24.5
108,서울,2022-06-07,20.6,15.1,25.1
108,서울,2022-06-08,21.2,16.2,25.8
108,서울,2022-06-09,20.9,18.5,24.5
108,서울,2022-06-10,20.9,17.2,26.6
108,서울,2022-06-11,24.6,17.7,32.7
108,서울,2022-06-12,24.6,18.9,31.5
108,서울,2022-06-13,23.6,19.6,29.2
108,서울,2022-06-14,21.5,17.7,27.1
108,서울,2022-06-15,17.5,14.9,20.1
108,서울,2022-06-16,20.3,17.6,24.8
108,서울,2022-06-17,22.5,16.5,28.1
108,서울,2022-06-18,23.3,22,25.1
108,서울,2022-06-19,23.4,22.3,25.1
108,서울,2022-06-20,25.2,22,29
108,서울,2022-06-21,26.5,21.2,32.6
108,서울,2022-06-22,25.9,21.9,31
108,서울,2022-06-23,24.3,23.3,26.4
108,서울,2022-06-24,22.6,20.6,24.9
108,서울,2022-06-25,26,21.5,30.5
108,서울,2022-06-26,26.5,24.8,28.1
108,서울,2022-06-27,26.8,25.4,28.1
108,서울,2022-06-28,26.9,25.7,27.9
108,서울,2022-06-29,25.1,24.4,26.1
108,서울,2022-06-30,22.3,21.2,24.5
108,서울,2022-07-01,26.6,21.9,30.9
108,서울,2022-07-02,28.8,24,33.8
108,서울,2022-07-03,29.3,24.4,34.2
108,서울,2022-07-04,29.3,26.4,32.6
108,서울,2022-07-05,29.2,26.7,33.1
108,서울,2022-07-06,29.5,26.2,33.3
108,서울,2022-07-07,28.2,26.4,31
108,서울,2022-07-08,25.8,24,27.9
108,서울,2022-07-09,26.9,24,30.9
108,서울,2022-07-10,29.2,24.6,35.1
108,서울,2022-07-11,27,24.7,30.6
108,서울,2022-07-12,26.8,23.2,29.4
108,서울,2022-07-13,25,24,27.1
108,서울,2022-07-14,25.7,23.3,29.9
108,서울,2022-07-15,26,23,30.3
108,서울,2022-07-16,24.8,23.2,28.2
108,서울,2022-07-17,25.5,22.5,29.7
108,서울,2022-07-18,26.8,23.1,30.1
108,서울,2022-07-19,27.4,24.3,31.1
108,서울,2022-07-20,27.1,24.3,30.4
108,서울,2022-07-21,23.2,20.8,25.2
108,서울,2022-07-22,25.1,22.9,27.5
108,서울,2022-07-23,24.8,22.3,28
108,서울,2022-07-24,25,22,28.4
108,서울,2022-07-25,27.5,23.6,32
108,서울,2022-07-26,28.9,24.4,33.1
108,서울,2022-07-27,29.3,26.4,33.4
108,서울,2022-07-28,29.7,25.1,34.4
108,서울,2022-07-29,30.7,27.3,34.3
108,서울,2022-07-30,30.9,27.3,36.1
108,서울,2022-07-31,27.2,25.4,29
108,서울,2022-08-01,28.6,25.4,32.4
108,서울,2022-08-02,26.8,25.5,28.5
108,서울,2022-08-03,27.1,25.2,30
108,서울,2022-08-04,28.9,26,32.9
108,서울,2022-08-05,29.4,27,32.7
108,서울,2022-08-06,28.7,27.4,30.3
108,서울,2022-08-07,28.9,27.2,31.7
108,서울,2022-08-08,26.8,,28.4
108,서울,2022-08-09,25.1,22,26.5
108,서울,2022-08-10,24.7,21.4,28.8
108,서울,2022-08-11,25,23.4,27.5
108,서울,2022-08-12,27,23,32.4
108,서울,2022-08-13,25.8,24.7,27.5
108,서울,2022-08-14,27.6,24.5,31.5
108,서울,2022-08-15,28.1,26.6,29.8
108,서울,2022-08-16,26.7,24.1,30
108,서울,2022-08-17,26,22.8,30.5
108,서울,2022-08-18,25.6,22.4,29.8
108,서울,2022-08-19,26,23.3,27.5
108,서울,2022-08-20,28.2,25.7,32
108,서울,2022-08-21,28.1,24.7,32
108,서울,2022-08-22,26.8,22.9,30.2
108,서울,2022-08-23,25.4,22.4,30.2
108,서울,2022-08-24,24.8,22.4,27.9
108,서울,2022-08-25,22.2,21.1,24
108,서울,2022-08-26,23.8,19.9,28.4
108,서울,2022-08-27,21.5,17.6,25.5
108,서울,2022-08-28,22.6,16.1,28.4
108,서울,2022-08-29,21,19.5,22.5
108,서울,2022-08-30,19.1,17.9,20.3
108,서울,2022-08-31,21.7,19.6,24.9
108,서울,2022-09-01,24,18.3,30.4
108,서울,2022-09-02,24.7,20.3,29.8
108,서울,2022-09-03,24.2,20.5,29.2
108,서울,2022-09-04,22.3,19.8,24
108,서울,2022-09-05,19.2,17.7,22.7
108,서울,2022-09-06,21,17,26.3
108,서울,2022-09-07,22.8,17.9,28.1
108,서울,2022-09-08,23.2,16.7,29.5
108,서울,2022-09-09,24.3,18.9,30.8
108,서울,2022-09-10,23.6,19,28.4
108,서울,2022-09-11,23.3,20.6,26.4
108,서울,2022-09-12,23.8,20.3,27.5
108,서울,2022-09-13,24.3,21.8,26.4
108,서울,2022-09-14,24.6,22.7,27.9
108,서울,2022-09-15,25.2,22,28.3
108,서울,2022-09-16,25.7,23.4,29.9
108,서울,2022-09-17,25.6,23.3,29.4
108,서울,2022-09-18,27.1,23,32.5
108,서울,2022-09-19,24.6,19.5,29.6
108,서울,2022-09-20,19.9,16.1,24.6
108,서울,2022-09-21,19.4,13,25.6
108,서울,2022-09-22,19.8,14.2,24.7
108,서울,2022-09-23,17.5,14.7,22.2
108,서울,2022-09-24,18.5,12.3,24.2
108,서울,2022-09-25,19.6,15.4,25.2
108,서울,2022-09-26,20,14.8,25.4
108,서울,2022-09-27,20.9,14,28
108,서울,2022-09-28,20.4,16.1,26.1
108,서울,2022-09-29,20.4,16.4,26.5
108,서울,2022-09-30,20.7,14.8,27.7
108,서울,2022-10-01,20.9,14.4,27.6
108,서울,2022-10-02,19.4,17.2,21.6
108,서울,2022-10-03,21.4,17.5,23.4
108,서울,2022-10-04,17.9,14.2,23
108,서울,2022-10-05,16.6,14.1,21.6
108,서울,2022-10-06,15.8,12.7,19.1
108,서울,2022-10-07,14.3,11,18.6
108,서울,2022-10-08,15.8,11.1,21.6
108,서울,2022-10-09,13.1,10.7,14.5
108,서울,2022-10-10,9.9,8.2,11.9
108,서울,2022-10-11,11.1,7.4,16.4
108,서울,2022-10-12,13.5,6.5,20.6
108,서울,2022-10-13,16.3,10.7,22.7
108,서울,2022-10-14,17.1,12.4,23
108,서울,2022-10-15,18.2,12.6,24.4
108,서울,2022-10-16,16.9,15.1,20.5
108,서울,2022-10-17,11.2,7.4,15.1
108,서울,2022-10-18,9.4,5,14.2
108,서울,2022-10-19,10.5,4.4,16.8
108,서울,2022-10-20,12.9,6,19.7
108,서울,2022-10-21,14,8.8,20.9
108,서울,2022-10-22,15.1,10.5,20.8
108,서울,2022-10-23,14,10.4,18.6
108,서울,2022-10-24,10.6,7.5,14.8
108,서울,2022-10-25,11.3,5.9,17.6
108,서울,2022-10-26,12.9,8,17.8
108,서울,2022-10-27,13.2,8.6,18.9
108,서울,2022-10-28,13.6,8.2,20.6
108,서울,2022-10-29,14.8,10.2,21.3
108,서울,2022-10-30,14.9,10.4,21.3
108,서울,2022-10-31,14.9,11.2,21.1
108,서울,2022-11-01,13.1,9.4,17.8
108,서울,2022-11-02,11.1,5.5,17.9
108,서울,2022-11-03,9.3,5.6,13.4
108,서울,2022-11-04,4.9,1.6,9.8
108,서울,2022-11-05,6.5,.8,13.6
108,서울,2022-11-06,9.6,3.7,16.4
108,서울,2022-11-07,11.4,6.1,16.6
108,서울,2022-11-08,12.9,9.7,17.9
108,서울,2022-11-09,11.4,6.7,16
108,서울,2022-11-10,13.5,8.8,19.1
108,서울,2022-11-11,15.6,10.9,22.1
108,서울,2022-11-12,16.3,11.6,22
108,서울,2022-11-13,10.3,8.7,17.3
108,서울,2022-11-14,9.7,5.9,13.8
108,서울,2022-11-15,8.1,4,12.3
108,서울,2022-11-16,8.5,5.5,13
108,서울,2022-11-17,10.2,5.4,16.6
108,서울,2022-11-18,11,5.3,18.1
108,서울,2022-11-19,12.9,8.7,19.2
108,서울,2022-11-20,13.7,9.5,20.2
108,서울,2022-11-21,11.8,9.3,16.2
108,서울,2022-11-22,10.7,7,13.7
108,서울,2022-11-23,10.8,6.8,15.2
108,서울,2022-11-24,9.4,5.9,14.1
108,서울,2022-11-25,12.3,7.1,17.8
108,서울,2022-11-26,6.7,1,12.9
108,서울,2022-11-27,5.4,-1.1,11.5
108,서울,2022-11-28,12.3,7.5,15
108,서울,2022-11-29,6.9,-1.6,15
108,서울,2022-11-30,-5.4,-8.1,-1.6
108,서울,2022-12-01,-5.4,-9.4,-1.2
108,서울,2022-12-02,-2.5,-7.6,3
108,서울,2022-12-03,2.1,-.3,7
108,서울,2022-12-04,-3.5,-5.2,-.2
108,서울,2022-12-05,-3.1,-7,1.9
108,서울,2022-12-06,.9,-3.9,5.3
108,서울,2022-12-07,4.9,1.2,9
108,서울,2022-12-08,3.7,.1,9.1
108,서울,2022-12-09,4.5,.9,10.2
108,서울,2022-12-10,2.6,-.6,6.7
108,서울,2022-12-11,1.6,-1.5,6.8
108,서울,2022-12-12,2,-2,6.3
108,서울,2022-12-13,0,-6.4,3.1
108,서울,2022-12-14,-8.4,-11,-4.9
108,서울,2022-12-15,-4.5,-8.5,-1.3
108,서울,2022-12-16,-6.3,-9.6,-2.2
108,서울,2022-12-17,-7,-9.8,-3.2
108,서울,2022-12-18,-9.5,-12.4,-5.6
108,서울,2022-12-19,-7,-12,-2.5
108,서울,2022-12-20,-3.2,-9.5,2.9
108,서울,2022-12-21,-.1,-2.6,2.6
108,서울,2022-12-22,-7.8,-11.3,-2.6
108,서울,2022-12-23,-11.8,-13.7,-8.6
108,서울,2022-12-24,-8.4,-13.5,-2
108,서울,2022-12-25,-5.4,-9.6,.2
108,서울,2022-12-26,-3.9,-7.9,1.7
108,서울,2022-12-27,-2.6,-7.3,3.3
108,서울,2022-12-28,-3.3,-6,.1
108,서울,2022-12-29,-2.9,-7.8,2.1
108,서울,2022-12-30,-1.8,-4.4,2.3
108,서울,2022-12-31,-1.2,-5.1,2.1
108,서울,2023-01-01,-.2,-4.3,3.8
108,서울,2023-01-02,-4.5,-7.4,-.4
108,서울,2023-01-03,-5,-9,.6
108,서울,2023-01-04,-1.8,-5.7,3.3
108,서울,2023-01-05,-1.6,-5.6,3.6
108,서울,2023-01-06,.6,-4.7,5.7
108,서울,2023-01-07,1.5,-1.4,3.8
108,서울,2023-01-08,1.3,-3.7,6.3
108,서울,2023-01-09,3.1,-1.3,7
108,서울,2023-01-10,1.6,-3.9,9.1
108,서울,2023-01-11,2.6,-2,9.2
108,서울,2023-01-12,5.9,-.6,12.5
108,서울,2023-01-13,8.3,5.1,10.1
108,서울,2023-01-14,6.6,3.8,8.4
108,서울,2023-01-15,-.2,-3.5,3.8
108,서울,2023-01-16,-4.6,-6.8,-1.2
108,서울,2023-01-17,-3.7,-7,-.4
108,서울,2023-01-18,-1.9,-4.6,2.2
108,서울,2023-01-19,-.4,-6,4.3
108,서울,2023-01-20,-3.3,-7.7,2
108,서울,2023-01-21,-4.5,-10.5,1.5
108,서울,2023-01-22,-.6,-2.8,2.6
108,서울,2023-01-23,-.8,-6.9,4.6
108,서울,2023-01-24,-14.7,-17,-6.9
108,서울,2023-01-25,-11.3,-17.3,-5.4
108,서울,2023-01-26,-6,-9,-3.5
108,서울,2023-01-27,-7.3,-9.6,-3.8
108,서울,2023-01-28,-6,-11.2,-.6
108,서울,2023-01-29,-1.8,-8,4.9
108,서울,2023-01-30,-.9,-4.4,4.2
108,서울,2023-01-31,2.4,-3.5,7.8
108,서울,2023-02-01,.9,-3,6
108,서울,2023-02-02,-2.4,-5.1,1.4
108,서울,2023-02-03,-1.6,-3.9,3.4
108,서울,2023-02-04,-.2,-5.2,6
108,서울,2023-02-05,1.7,-3.3,7.1
108,서울,2023-02-06,3,-1.7,8.8
108,서울,2023-02-07,3.5,-.6,9.5
108,서울,2023-02-08,2.1,-1.3,7.8
108,서울,2023-02-09,4,-2.8,9.9
108,서울,2023-02-10,3.8,1.1,6.2
108,서울,2023-02-11,2.8,-1.2,8.5
108,서울,2023-02-12,3.7,-.9,7.6
108,서울,2023-02-13,5.9,2.7,8.4
108,서울,2023-02-14,1.7,-2.5,6.6
108,서울,2023-02-15,3.2,-1.2,8.9
108,서울,2023-02-16,2.3,-.7,4.5
108,서울,2023-02-17,3.4,-1.5,9.8
108,서울,2023-02-18,5.7,3,8.1
108,서울,2023-02-19,3.5,.2,6.1
108,서울,2023-02-20,-.5,-3.5,2.4
108,서울,2023-02-21,-1.3,-5.3,4.8
108,서울,2023-02-22,1.2,-4.5,8.4
108,서울,2023-02-23,2.9,-1.8,9.2
108,서울,2023-02-24,3.5,-.4,8.5
108,서울,2023-02-25,.7,-2.9,5.7
108,서울,2023-02-26,2.2,-3.4,9.4
108,서울,2023-02-27,4.4,-1.8,12.4
108,서울,2023-02-28,4.3,-.7,8.7
108,서울,2023-03-01,6,2.9,9
108,서울,2023-03-02,2.2,-1.8,6.6
108,서울,2023-03-03,4.6,-1.9,10.4
108,서울,2023-03-04,7.7,3.7,14.1
108,서울,2023-03-05,8,2.5,15.4
108,서울,2023-03-06,9.2,2.2,16.5
108,서울,2023-03-07,11.7,6.3,19.4
108,서울,2023-03-08,12.5,7.4,17.7
108,서울,2023-03-09,10.3,7.4,13.1
108,서울,2023-03-10,13.5,6.2,22.2
108,서울,2023-03-11,15.2,10.2,22.8
108,서울,2023-03-12,5.9,.6,12.6
108,서울,2023-03-13,2.9,-1.9,7.6
108,서울,2023-03-14,9.2,3.3,15.4
108,서울,2023-03-15,8.6,3.5,14.4
108,서울,2023-03-16,4.6,.4,9
108,서울,2023-03-17,7.2,.7,12.7
108,서울,2023-03-18,7.7,2.5,14
108,서울,2023-03-19,8.3,2.3,15.2
108,서울,2023-03-20,9.5,2.6,17.1
108,서울,2023-03-21,13,5,22.2
108,서울,2023-03-22,17,9.2,25.1
108,서울,2023-03-23,17.4,12.3,23.3
108,서울,2023-03-24,12.5,7.6,18.3
108,서울,2023-03-25,12.5,8,18.7
108,서울,2023-03-26,9.4,4.7,14
108,서울,2023-03-27,7.3,1.9,14.5
108,서울,2023-03-28,9.2,2.8,15.7
108,서울,2023-03-29,11.8,5.1,19.7
108,서울,2023-03-30,13.3,6.4,21.2
108,서울,2023-03-31,15,7.5,23.9
108,서울,2023-04-01,17.5,9.4,25.6
108,서울,2023-04-02,18.8,11.9,25.2
108,서울,2023-04-03,19,11.3,25.9
108,서울,2023-04-04,17.6,12.7,21.7
108,서울,2023-04-05,11.9,8.7,14.9
108,서울,2023-04-06,8.8,7.4,9.7
108,서울,2023-04-07,8.9,4.6,15.7
108,서울,2023-04-08,8.8,3.1,14.9
108,서울,2023-04-09,10.8,3.5,17.8
108,서울,2023-04-10,13.2,6.2,19.1
108,서울,2023-04-11,13.1,9.2,17.4
108,서울,2023-04-12,10.1,4.8,15.3
108,서울,2023-04-13,11.9,5.1,17.2
108,서울,2023-04-14,16.2,11.9,21.3
108,서울,2023-04-15,13.5,9.3,16.6
108,서울,2023-04-16,10.8,7.5,16.1
108,서울,2023-04-17,13.1,6.8,18.1
108,서울,2023-04-18,14,10.7,18.4
108,서울,2023-04-19,19.1,11.5,28.4
108,서울,2023-04-20,15.8,14.5,18.9
108,서울,2023-04-21,16.7,11.4,22.8
108,서울,2023-04-22,16.9,12.2,22.5
108,서울,2023-04-23,16.1,10.7,22.1
108,서울,2023-04-24,15.8,11.5,21.3
108,서울,2023-04-25,10.9,9,13.2
108,서울,2023-04-26,10.2,7.4,13.5
108,서울,2023-04-27,12.9,5.1,20
108,서울,2023-04-28,15.7,9,21.3
108,서울,2023-04-29,13.2,9.9,15.8
108,서울,2023-04-30,12.7,7.9,17.9
108,서울,2023-05-01,14.6,9.8,20.8
108,서울,2023-05-02,16.7,9.1,23.7
108,서울,2023-05-03,19.5,12.4,26.2
108,서울,2023-05-04,21.4,15.6,25.8
108,서울,2023-05-05,18.4,15.5,21.6
108,서울,2023-05-06,12.6,11.7,15.5
108,서울,2023-05-07,14.4,11.1,18.6
108,서울,2023-05-08,15.3,7.9,22
108,서울,2023-05-09,17,10,24.4
108,서울,2023-05-10,18.4,10.7,26
108,서울,2023-05-11,19.5,12.8,26.7
108,서울,2023-05-12,18.4,13.1,24.7
108,서울,2023-05-13,17.8,12.6,23.9
108,서울,2023-05-14,18.1,12.9,23.8
108,서울,2023-05-15,20.6,12.8,27.9
108,서울,2023-05-16,24,17.2,31.2
108,서울,2023-05-17,23.5,18.6,28.7
108,서울,2023-05-18,21.2,18.8,27.6
108,서울,2023-05-19,22.3,16.7,27.8
108,서울,2023-05-20,21.2,16.6,26.7
108,서울,2023-05-21,17.8,15.3,21.9
108,서울,2023-05-22,20.3,15.9,26.8
108,서울,2023-05-23,20.5,14.1,26.9
108,서울,2023-05-24,20.6,14.8,25.9
108,서울,2023-05-25,21.2,15.7,27.4
108,서울,2023-05-26,21.4,15.8,27.3
108,서울,2023-05-27,19.3,18.6,20.7
108,서울,2023-05-28,19.2,18.4,20.2
108,서울,2023-05-29,23.2,19,28.5
108,서울,2023-05-30,24,20.5,28.9
108,서울,2023-05-31,22.8,18.8,28.2
108,서울,2023-06-01,22.8,19.7,26.3
108,서울,2023-06-02,20.4,17.9,25
108,서울,2023-06-03,22,16.6,27.8
108,서울,2023-06-04,22.1,16.9,28
108,서울,2023-06-05,21.5,17.6,26.3
108,서울,2023-06-06,20.3,17.3,25.2
108,서울,2023-06-07,21.4,18.9,25.7
108,서울,2023-06-08,20.4,18.3,23.9
108,서울,2023-06-09,23.3,18.3,28.4
108,서울,2023-06-10,23.2,19.6,28.5
108,서울,2023-06-11,22.1,17.9,27.3
108,서울,2023-06-12,22.2,18.4,27.5
108,서울,2023-06-13,22,19.2,26
108,서울,2023-06-14,20.6,17.5,25
108,서울,2023-06-15,22.7,17.7,28.3
108,서울,2023-06-16,23.7,19.1,28.9
108,서울,2023-06-17,24.2,18.9,30.2
108,서울,2023-06-18,25.9,20.8,32.6
108,서울,2023-06-19,28.5,23.3,34
108,서울,2023-06-20,24.7,21.4,26.4
108,서울,2023-06-21,20.5,19.2,22.1
108,서울,2023-06-22,22.5,18.9,26.4
108,서울,2023-06-23,24.4,20,29.9
108,서울,2023-06-24,26.4,21.9,31.1
108,서울,2023-06-25,28.2,22.8,33.1
108,서울,2023-06-26,24.2,22.3,27.5
108,서울,2023-06-27,25.3,21.4,29.1
108,서울,2023-06-28,26.5,24.2,30.1
108,서울,2023-06-29,24.2,23.2,25.9
108,서울,2023-06-30,25.3,23.2,29.1
108,서울,2023-07-01,27.7,23.3,32.9
108,서울,2023-07-02,26.7,23.5,30.6
108,서울,2023-07-03,29.1,24.1,34.9
108,서울,2023-07-04,26.1,24.5,29.2
108,서울,2023-07-05,24.5,22.1,27.1
108,서울,2023-07-06,27.3,22.4,31.8
108,서울,2023-07-07,26.7,23.3,31.4
108,서울,2023-07-08,25.6,22.4,29.7
108,서울,2023-07-09,24.7,21.6,27
108,서울,2023-07-10,26.3,22.9,30.9
108,서울,2023-07-11,23.5,21.6,25.9
108,서울,2023-07-12,25.8,22,29.1
108,서울,2023-07-13,25.2,24.7,26.5
108,서울,2023-07-14,24.6,23.9,25.1
108,서울,2023-07-15,24.5,23.7,25.7
108,서울,2023-07-16,24.6,23.7,25.4
108,서울,2023-07-17,25.5,23.7,27.8
108,서울,2023-07-18,25.2,24.1,27.7
108,서울,2023-07-19,27.2,22.5,32.4
108,서울,2023-07-20,27.9,24,32.8
108,서울,2023-07-21,29.5,24.6,34.3
108,서울,2023-07-22,27.7,24.6,32.5
108,서울,2023-07-23,25.2,24.5,25.8
108,서울,2023-07-24,26.9,24.6,30
108,서울,2023-07-25,27.8,25.8,30.5
108,서울,2023-07-26,27.6,24.9,31.1
108,서울,2023-07-27,28.4,24.4,32.2
108,서울,2023-07-28,29.5,25.4,34.1
108,서울,2023-07-29,29.1,26.1,33.3
108,서울,2023-07-30,28.8,24.9,34.9
108,서울,2023-07-31,28.7,25.6,33.4
108,서울,2023-08-01,29.9,25.5,34.2
108,서울,2023-08-02,29.7,26.8,33.7
108,서울,2023-08-03,29.5,25.8,33.8
108,서울,2023-08-04,30,26.5,34.4
108,서울,2023-08-05,30.3,26.4,34.9
108,서울,2023-08-06,29.8,27,33
108,서울,2023-08-07,30.4,27.3,34.6
108,서울,2023-08-08,30.9,26.4,35.8
108,서울,2023-08-09,28.3,25.1,31.6
108,서울,2023-08-10,22.2,20.9,25.1
108,서울,2023-08-11,23.5,21.6,24.9
108,서울,2023-08-12,23.3,22.5,24.1
108,서울,2023-08-13,27,22.6,31.1
108,서울,2023-08-14,28.1,24.8,31.9
108,서울,2023-08-15,28.6,24.7,32.7
108,서울,2023-08-16,27.3,24.7,31.6
108,서울,2023-08-17,28.2,24.5,32.4
108,서울,2023-08-18,29.1,25.5,33.3
108,서울,2023-08-19,29.1,26.4,33.6
108,서울,2023-08-20,28.3,25.5,31.8
108,서울,2023-08-21,29.5,26,33.6
108,서울,2023-08-22,27.6,25.8,32.2
108,서울,2023-08-23,24.8,23.2,27.2
108,서울,2023-08-24,25.1,22.3,27.8
108,서울,2023-08-25,26.5,24,30
108,서울,2023-08-26,26.4,23.3,30.3
108,서울,2023-08-27,26.1,22.7,29.6
108,서울,2023-08-28,22.7,20.8,25.6
108,서울,2023-08-29,23.9,22.5,25.5
108,서울,2023-08-30,22.8,21.5,24.5
108,서울,2023-08-31,23.9,21,28.9
108,서울,2023-09-01,24.5,19.7,29.6
108,서울,2023-09-02,25.4,19.7,30.8
108,서울,2023-09-03,25.8,23.1,28.8
108,서울,2023-09-04,27,24.3,30.2
108,서울,2023-09-05,28.5,25,32.8
108,서울,2023-09-06,27.9,24,32.1
108,서울,2023-09-07,26.3,20.9,31.6
108,서울,2023-09-08,25.3,19.6,30.5
108,서울,2023-09-09,25.8,20.8,31.2
108,서울,2023-09-10,25.7,22,29.6
108,서울,2023-09-11,25.5,23.1,29.8
108,서울,2023-09-12,25.7,21.7,29.8
108,서울,2023-09-13,22.1,19.6,24.6
108,서울,2023-09-14,23.4,19.2,27.2
108,서울,2023-09-15,22.3,20.3,24.3
108,서울,2023-09-16,23.9,22,26.6
108,서울,2023-09-17,24.7,22,28
108,서울,2023-09-18,24.7,22.1,28.9
108,서울,2023-09-19,24.1,21.6,27.2
108,서울,2023-09-20,20.6,18.8,23.9
108,서울,2023-09-21,20.1,17.5,23.6
108,서울,2023-09-22,20.5,15.2,26.7
108,서울,2023-09-23,21.8,16.3,27.6
108,서울,2023-09-24,21.8,17.9,26.2
108,서울,2023-09-25,21.6,17.9,26
108,서울,2023-09-26,19.9,18.6,20.8
108,서울,2023-09-27,21.5,20,23.7
108,서울,2023-09-28,22.7,19.6,27.3
108,서울,2023-09-29,21.1,17.4,26.9
108,서울,2023-09-30,19.7,17.1,22.2
108,서울,2023-10-01,18.4,14.4,23.7
108,서울,2023-10-02,18.2,12.9,24.6
108,서울,2023-10-03,17.5,14.4,22.5
108,서울,2023-10-04,17.3,14.2,23.2
108,서울,2023-10-05,14.2,9.9,19.2
108,서울,2023-10-06,15.5,9.6,21.5
108,서울,2023-10-07,16.8,11.7,21.2
108,서울,2023-10-08,17.1,15.2,19.5
108,서울,2023-10-09,17.4,14.1,22.4
108,서울,2023-10-10,17.1,11.9,23.5
108,서울,2023-10-11,17.6,12.9,24
108,서울,2023-10-12,17.5,12,24.1
108,서울,2023-10-13,17.5,14.3,21.5
108,서울,2023-10-14,14.7,12.9,18.2
108,서울,2023-10-15,16.1,10.9,21.2
108,서울,2023-10-16,14.7,10.7,19.6
108,서울,2023-10-17,13.8,7.5,20.9
108,서울,2023-10-18,15.7,9.2,21.6
108,서울,2023-10-19,17,14.9,18.9
108,서울,2023-10-20,11.6,7.2,15.1
108,서울,2023-10-21,10.4,5.9,16.6
108,서울,2023-10-22,12.5,5.4,18.7
108,서울,2023-10-23,15.2,11.1,21.4
108,서울,2023-10-24,15.6,11.2,19.3
108,서울,2023-10-25,16.6,12.7,21.9
108,서울,2023-10-26,17.2,14.6,21.1
108,서울,2023-10-27,15.7,12.6,20.2
108,서울,2023-10-28,14.2,9.4,20.7
108,서울,2023-10-29,14.9,9.8,21.8
108,서울,2023-10-30,15.1,9.7,21.9
108,서울,2023-10-31,16.5,12.7,20.8
108,서울,2023-11-01,19,17.2,20.6
108,서울,2023-11-02,20.8,18.7,25.9
108,서울,2023-11-03,19.5,17.7,22.4
108,서울,2023-11-04,17.4,14.1,20.9
108,서울,2023-11-05,17.3,15.1,20.4
108,서울,2023-11-06,13.3,6.6,19.3
108,서울,2023-11-07,5.8,3.6,9.9
108,서울,2023-11-08,8.4,1.8,16.1
108,서울,2023-11-09,11.4,5.9,18.4
108,서울,2023-11-10,3.4,.5,9.1
108,서울,2023-11-11,1.7,-1.9,6.7
108,서울,2023-11-12,1.2,-2,5.7
108,서울,2023-11-13,2,-2.2,6.7
108,서울,2023-11-14,5,-.8,10.8
108,서울,2023-11-15,7,2,12.5
108,서울,2023-11-16,6.6,5.7,7.4
108,서울,2023-11-17,1.6,-1.9,5.9
108,서울,2023-11-18,.6,-3.8,5.7
108,서울,2023-11-19,5.9,-.3,13.4
108,서울,2023-11-20,6.2,1.8,12.8
108,서울,2023-11-21,7.4,1.4,14.8
108,서울,2023-11-22,9.5,2.9,15.1
108,서울,2023-11-23,9.9,1.9,14.6
108,서울,2023-11-24,-1.5,-4.4,2.2
108,서울,2023-11-25,-1.3,-5.9,4
108,서울,2023-11-26,4,-.1,7.2
108,서울,2023-11-27,6.2,4.4,9.3
108,서울,2023-11-28,1.3,-1.2,5.2
108,서울,2023-11-29,-1.4,-4,3
108,서울,2023-11-30,-4.3,-7.3,-.5
108,서울,2023-12-01,-3.2,-6.8,.7
108,서울,2023-12-02,2,-4.4,8
108,서울,2023-12-03,.8,-2.8,6
108,서울,2023-12-04,2.7,-3,9.4
108,서울,2023-12-05,6.8,3.8,12.6
108,서울,2023-12-06,6.1,3.9,8.7
108,서울,2023-12-07,6.6,.8,11.4
108,서울,2023-12-08,11.2,5.1,16.8
108,서울,2023-12-09,13.7,11.7,16.2
108,서울,2023-12-10,11.4,6.7,15.5
108,서울,2023-12-11,8.9,5,12.3
108,서울,2023-12-12,5.4,3.5,9.3
108,서울,2023-12-13,6.8,2.6,10.3
108,서울,2023-12-14,7.6,6.2,9.1
108,서울,2023-12-15,4.9,3.7,6.2
108,서울,2023-12-16,-4.1,-9.9,3.8
108,서울,2023-12-17,-9.8,-12.4,-6.4
108,서울,2023-12-18,-7.7,-12.2,-3.6
108,서울,2023-12-19,-3.7,-8.2,.2
108,서울,2023-12-20,-7.4,-11.9,-2.1
108,서울,2023-12-21,-11.7,-14.4,-8
108,서울,2023-12-22,-11.6,-14.7,-8
108,서울,2023-12-23,-6.8,-12.7,-.9
108,서울,2023-12-24,-2.2,-5.6,3
108,서울,2023-12-25,-.7,-2.7,2.1
108,서울,2023-12-26,1.9,-2.6,7.2
108,서울,2023-12-27,1.5,-2.8,6.8
108,서울,2023-12-28,1.2,-1.7,4.4
108,서울,2023-12-29,1.3,-1.5,4.6
108,서울,2023-12-30,.6,-.9,2.1
108,서울,2023-12-31,2.1,.6,4.3
108,서울,2024-01-01,3.3,-.3,7.3
108,서울,2024-01-02,2.9,2.2,4.3
108,서울,2024-01-03,1.8,-1.1,4
108,서울,2024-01-04,1.4,-3.3,4.7
108,서울,2024-01-05,5,1.4,9.1
108,서울,2024-01-06,.7,-2.7,5.2
108,서울,2024-01-07,-4.4,-8.3,-.9
108,서울,2024-01-08,-4.7,-10.3,0
108,서울,2024-01-09,-.6,-1.9,.4
108,서울,2024-01-10,-1,-4.1,3.3
108,서울,2024-01-11,1.7,-2.4,4.5
108,서울,2024-01-12,.9,-1.4,4.2
108,서울,2024-01-13,.4,-3.8,6.4
108,서울,2024-01-14,-.6,-3.3,2.4
108,서울,2024-01-15,-3.7,-6.9,.9
108,서울,2024-01-16,-2.1,-7.2,4.3
108,서울,2024-01-17,.6,-2.3,1.9
108,서울,2024-01-18,4.5,1.4,9.4
108,서울,2024-01-19,5.4,4,9
108,서울,2024-01-20,3.4,1.9,4.9
108,서울,2024-01-21,1.7,-2.4,4.3
108,서울,2024-01-22,-8.7,-11.9,-2.4
108,서울,2024-01-23,-11.7,-14,-8.2
108,서울,2024-01-24,-8,-11.2,-3.7
108,서울,2024-01-25,-5.3,-9.7,-.5
108,서울,2024-01-26,-1.7,-6.9,4
108,서울,2024-01-27,-.5,-4.6,4.6
108,서울,2024-01-28,-1.5,-5,3.8
108,서울,2024-01-29,-.4,-4.8,4.6
108,서울,2024-01-30,1.4,-4,8.1
108,서울,2024-01-31,4.7,.7,10.6
108,서울,2024-02-01,2.4,-1.3,8.2
108,서울,2024-02-02,3.1,.7,7.9
108,서울,2024-02-03,4.7,-.2,8.3
108,서울,2024-02-04,7.3,3.7,12.2
108,서울,2024-02-05,2.7,.1,6.6
108,서울,2024-02-06,1.2,0,2.9
108,서울,2024-02-07,.6,-.9,2.7
108,서울,2024-02-08,.6,-3,6.2
108,서울,2024-02-09,1.1,-2.5,6.1
108,서울,2024-02-10,1.7,-1.5,7.4
108,서울,2024-02-11,1,-3.1,5.5
108,서울,2024-02-12,3.5,-2.9,10.5
108,서울,2024-02-13,8.2,2,13.7
108,서울,2024-02-14,12.9,8.8,18.3
108,서울,2024-02-15,4.5,.6,11.6
108,서울,2024-02-16,2.3,-1.5,8.1
108,서울,2024-02-17,4.4,-1.2,11.7
108,서울,2024-02-18,6.2,1.2,9.4
108,서울,2024-02-19,9.1,4.2,11.9
108,서울,2024-02-20,4.3,2.8,6.8
108,서울,2024-02-21,1.9,0,4
108,서울,2024-02-22,.2,-1.1,1.6
108,서울,2024-02-23,1.8,-1,6.1
108,서울,2024-02-24,2,-1.3,5.9
108,서울,2024-02-25,2.8,.8,5.9
108,서울,2024-02-26,3.8,-1.2,9.7
108,서울,2024-02-27,5.3,1.2,9.8
108,서울,2024-02-28,6.4,3.2,10.1
108,서울,2024-02-29,4.8,.3,9.6
108,서울,2024-03-01,-4.1,-7.1,.3
108,서울,2024-03-02,-.5,-8.1,4.1
108,서울,2024-03-03,4,.4,7.8
108,서울,2024-03-04,5.4,-1.8,11.7
108,서울,2024-03-05,8,5.5,11
108,서울,2024-03-06,6.2,2.5,10.3
108,서울,2024-03-07,3.9,1.2,8.2
108,서울,2024-03-08,2.1,-.7,6.5
108,서울,2024-03-09,2,-2.1,7.1
108,서울,2024-03-10,4.2,-1.8,10.6
108,서울,2024-03-11,6.2,2,10.8
108,서울,2024-03-12,6.6,4.4,10
108,서울,2024-03-13,6.5,1.3,12
108,서울,2024-03-14,8.5,3.4,15.4
108,서울,2024-03-15,8.9,4,14.5
108,서울,2024-03-16,10.9,4.4,18.3
108,서울,2024-03-17,8.8,5.4,12.2
108,서울,2024-03-18,7.1,1.4,13.2
108,서울,2024-03-19,6.7,3.9,9.8
108,서울,2024-03-20,4.4,1.2,8.7
108,서울,2024-03-21,5,-1.2,11.5
108,서울,2024-03-22,10.4,3.8,15.2
108,서울,2024-03-23,13,9.3,18.2
108,서울,2024-03-24,16.2,10.5,23.4
108,서울,2024-03-25,10.6,6.7,14.5
108,서울,2024-03-26,7.4,3.2,12.4
108,서울,2024-03-27,10.4,4.4,16.2
108,서울,2024-03-28,10.3,7.8,12.2
108,서울,2024-03-29,7.6,5,12.3
108,서울,2024-03-30,8.8,3,15.6
108,서울,2024-03-31,10.6,3.4,17.7
108,서울,2024-04-01,12.2,5.5,19
108,서울,2024-04-02,15.4,7,23.9
108,서울,2024-04-03,16.6,13.9,19.7
108,서울,2024-04-04,15.5,12.4,20.3
108,서울,2024-04-05,14,10.2,18.8
108,서울,2024-04-06,12.7,8,18.9
108,서울,2024-04-07,14.8,7.7,23.4
108,서울,2024-04-08,16.2,11,22.8
108,서울,2024-04-09,15.3,10.6,20.8
108,서울,2024-04-10,13.8,10.2,18.5
108,서울,2024-04-11,15.5,11.7,21.1
108,서울,2024-04-12,17.2,12,24.2
108,서울,2024-04-13,19.1,11.2,27.3
108,서울,2024-04-14,20.8,13.6,29.4
108,서울,2024-04-15,16,11.7,20
108,서울,2024-04-16,13.3,11.5,17.9
108,서울,2024-04-17,15,9.7,21.8
108,서울,2024-04-18,17.3,10.7,24.9
108,서울,2024-04-19,17.6,11.5,24.3
108,서울,2024-04-20,14.9,13,17.2
108,서울,2024-04-21,17.2,13.3,21.7
108,서울,2024-04-22,18.8,15,24.1
108,서울,2024-04-23,17.3,13.2,24.2
108,서울,2024-04-24,13.2,11,16.5
108,서울,2024-04-25,14.4,10.3,20.8
108,서울,2024-04-26,17.8,11.4,26
108,서울,2024-04-27,18.2,11.5,26.2
108,서울,2024-04-28,20.7,13,28.9
108,서울,2024-04-29,20.9,16.9,26.1
108,서울,2024-04-30,18.6,16,22.5
108,서울,2024-05-01,18.5,13.9,24
108,서울,2024-05-02,18.1,12.4,23.7
108,서울,2024-05-03,19.7,12.2,27.9
108,서울,2024-05-04,21.4,14.6,28.5
108,서울,2024-05-05,17.8,15.7,20.6
108,서울,2024-05-06,13.9,13.4,15.7
108,서울,2024-05-07,13.3,12.2,15
108,서울,2024-05-08,14.7,9,21.4
108,서울,2024-05-09,16.1,10.9,21.8
108,서울,2024-05-10,17.9,12.5,23.8
108,서울,2024-05-11,17,14,22
108,서울,2024-05-12,16.6,11.9,21.6
108,서울,2024-05-13,18.3,11.9,24.5
108,서울,2024-05-14,18.8,12.7,24.7
108,서울,2024-05-15,12.6,7.2,18.8
108,서울,2024-05-16,13.7,6.9,19.8
108,서울,2024-05-17,18.3,10.8,24.9
108,서울,2024-05-18,20.7,16,26.5
108,서울,2024-05-19,21.5,15.9,27.9
108,서울,2024-05-20,19.4,16.8,22.8
108,서울,2024-05-21,21.7,16.3,28.3
108,서울,2024-05-22,20.5,16.4,25.5
108,서울,2024-05-23,20.2,15.8,26.4
108,서울,2024-05-24,20.1,15.7,24.7
108,서울,2024-05-25,21.4,18.7,24.7
108,서울,2024-05-26,19.9,17,23.7
108,서울,2024-05-27,18.5,14.1,22.6
108,서울,2024-05-28,20.4,14.3,26.1
108,서울,2024-05-29,21.2,15.4,26.8
108,서울,2024-05-30,20.7,16.2,24.6
108,서울,2024-05-31,20.4,16.9,25.4
108,서울,2024-06-01,20.7,17.5,25.2
108,서울,2024-06-02,20.4,15.7,25.8
108,서울,2024-06-03,22.2,15.7,28.7
108,서울,2024-06-04,22.8,16.3,29.3
108,서울,2024-06-05,23.6,18.1,30.1
108,서울,2024-06-06,24.1,19.3,31.4
108,서울,2024-06-07,23.1,18.3,28
108,서울,2024-06-08,20.3,17.9,25
108,서울,2024-06-09,22.9,17.4,28.8
108,서울,2024-06-10,24.7,19,31.1
108,서울,2024-06-11,25.4,21.7,31.6
108,서울,2024-06-12,24.8,19.2,31.8
108,서울,2024-06-13,26.4,20,32.8
108,서울,2024-06-14,26.3,21.4,33
108,서울,2024-06-15,24.2,21.8,28.2
108,서울,2024-06-16,24.3,19.9,29.5
108,서울,2024-06-17,24.8,18.9,30.2
108,서울,2024-06-18,26,20.4,32.9
108,서울,2024-06-19,28.8,21.4,35.8
108,서울,2024-06-20,29.4,23.4,35.4
108,서울,2024-06-21,28.1,22.9,33.9
108,서울,2024-06-22,24.2,22.6,26.1
108,서울,2024-06-23,25.1,22.5,30.1
108,서울,2024-06-24,24.3,21.2,27.9
108,서울,2024-06-25,22.9,19.1,27.2
108,서울,2024-06-26,24.9,18.9,31.6
108,서울,2024-06-27,26.3,20.6,31.6
108,서울,2024-06-28,26.6,21.3,32.5
108,서울,2024-06-29,26.7,21.6,32.3
108,서울,2024-06-30,23.5,22,24.9
108,서울,2024-07-01,26.3,22,31.3
108,서울,2024-07-02,23.2,21.9,25.2
108,서울,2024-07-03,24.7,23.6,25.9
108,서울,2024-07-04,26.8,23.2,30.6
108,서울,2024-07-05,23.4,21.3,26.1
108,서울,2024-07-06,25.1,22.1,30
108,서울,2024-07-07,24.4,21.5,28.2
108,서울,2024-07-08,23.8,23.1,24.5
108,서울,2024-07-09,24.5,22.7,26.7
108,서울,2024-07-10,26.6,22.7,31.1
108,서울,2024-07-11,25.7,23.3,28.9
108,서울,2024-07-12,25.6,21.8,30.2
108,서울,2024-07-13,28.1,23.5,33.3
108,서울,2024-07-14,28.4,24.9,32.1
108,서울,2024-07-15,28.4,24.5,31.3
108,서울,2024-07-16,27,24.6,30.7
108,서울,2024-07-17,25.4,24.1,28.1
108,서울,2024-07-18,24.3,23.1,25.6
108,서울,2024-07-19,27,24.2,30.8
108,서울,2024-07-20,27.2,25.1,30.6
108,서울,2024-07-21,26.5,22.5,29.8
108,서울,2024-07-22,26.6,24.3,27.9
108,서울,2024-07-23,26.4,25.8,27.3
108,서울,2024-07-24,28.1,26,30.9
108,서울,2024-07-25,28.8,25.4,32.2
108,서울,2024-07-26,28.7,25.2,32.7
108,서울,2024-07-27,28.9,27.5,31.7
108,서울,2024-07-28,29.2,27.3,32.2
108,서울,2024-07-29,27.4,26.8,27.8
108,서울,2024-07-30,28.6,26.3,31.9
108,서울,2024-07-31,29.4,27,33.3
108,서울,2024-08-01,29.9,27.3,33.2
108,서울,2024-08-02,29.6,28.2,32.5
108,서울,2024-08-03,30.2,27.2,34.2
108,서울,2024-08-04,31.8,27.3,36.2
108,서울,2024-08-05,30,26.9,33.7
108,서울,2024-08-06,29.5,25.6,33.5
