관광지,유_무료,내국인_외국인,연도,1월,2월,3월,4월,5월,6월,7월,8월,9월,10월,11월,12월,데이터기준일자
국립두타산자연휴양림,유료,내국인,2010,2831,1497,770,894,2600,2763,6024,8578,3128,3383,1595,1920,2022-10-04
국립평창청소년수련원,유료,내국인,2010,3325,3223,13914,21000,18763,20125,18442,17518,11938,21221,10471,9354,2022-10-04
대관령 양떼목장,유료,내국인,2010,29447,15370,5511,27198,65699,33472,48096,69116,28349,49100,24085,1929,2022-10-04
무이예술관,유료,내국인,2010,428,449,338,786,1887,789,2512,5095,2435,1123,603,376,2022-10-04
삼양대관령목장,유료,내국인,2010,21170,12984,5660,25293,65600,31417,51794,86598,33614,57036,22101,1677,2022-10-04
선자령,유료,내국인,2010,0,21697,8788,1341,3195,1599,1620,1651,1628,257,577,2725,2022-10-04
신세계대관령콘도,유료,내국인,2010,480,984,390,250,520,395,480,1148,170,678,348,972,2022-10-04
알펜시아리조트,유료,내국인,2010,39383,38660,9193,7659,8416,8680,40892,86747,17154,36526,11619,48588,2022-10-04
용평 리조트 숙박시설,유료,내국인,2010,485941,324807,161382,97880,144485,124404,127863,176397,124200,143243,170450,429989,2022-10-04
용평리조트 유스호스텔,유료,내국인,2010,6132,2448,792,878,1902,330,473,0,0,0,1064,2451,2022-10-04
이효석문학관,유료,내국인,2010,1943,1619,1363,4010,23063,3403,8307,16029,12939,7058,3295,1674,2022-10-04
켄싱턴플로라호텔(이랜드레져비스평창),유료,내국인,2010,7553,4949,3298,6803,7844,6980,13485,18521,7451,14547,7694,10969,2022-10-04
평창 동강민물고기생태관,유료,내국인,2010,579,439,343,627,2132,843,2333,4650,880,978,844,486,2022-10-04
평창힐링청소년수련원,유료,내국인,2010,0,3800,9400,11696,11970,9800,7300,3933,4200,3900,2332,0,2022-10-04
한국자생식물원,유료,내국인,2010,0,0,0,1345,9908,5593,8114,10454,3232,2922,0,0,2022-10-04
한국전통음식문화체험관,유료,내국인,2010,30,25,75,50,900,400,800,1140,450,700,0,0,2022-10-04
한화리조트,유료,내국인,2010,49340,32636,16704,44893,24410,40262,53860,58870,15045,13036,21360,46805,2022-10-04
허브나라,유료,내국인,2010,9244,8595,6900,19959,55462,33731,50620,81709,29766,30515,12943,6962,2022-10-04
호렙오대산청소년수련원,유료,내국인,2010,2480,1923,2685,6822,7162,6100,4807,3200,1800,3036,2658,514,2022-10-04
휘닉스파크 숙박시설,유료,내국인,2010,408339,230977,48428,32894,60633,60478,136915,185198,71299,63976,114348,276470,2022-10-04
휘닉스파크 유스호스텔,유료,내국인,2010,13944,7460,8576,10712,8528,8132,12552,11826,5272,5368,2768,12704,2022-10-04
대관령 양떼목장,유료,외국인,2010,449,186,80,415,790,407,585,839,344,590,300,23,2022-10-04
알펜시아리조트,유료,외국인,2010,11337,3516,2369,2750,2000,2508,4008,4280,964,4976,3090,15033,2022-10-04
용평 리조트 숙박시설,유료,외국인,2010,17953,16192,6845,3869,3210,3218,2621,3015,2958,5024,6414,18979,2022-10-04
용평리조트 유스호스텔,유료,외국인,2010,383,694,0,0,0,0,0,0,0,0,0,600,2022-10-04
켄싱턴플로라호텔(이랜드레져비스평창),유료,외국인,2010,424,272,176,382,441,395,774,1071,413,837,437,413,2022-10-04
한국자생식물원,유료,외국인,2010,0,0,0,5,56,21,42,82,72,77,0,0,2022-10-04
한국전통음식문화체험관,유료,외국인,2010,50,25,100,100,400,400,300,760,1050,300,0,0,2022-10-04
한화리조트,유료,외국인,2010,1524,1514,868,324,460,686,414,328,558,1170,1578,1882,2022-10-04
허브나라,유료,외국인,2010,14,19,172,570,502,625,172,87,523,654,548,32,2022-10-04
휘닉스파크 숙박시설,유료,외국인,2010,10608,18706,7128,6338,5556,5520,6538,4094,5143,7934,9152,19074,2022-10-04
휘닉스파크 유스호스텔,유료,외국인,2010,356,540,16,0,56,0,72,328,8,320,308,488,2022-10-04
국립두타산자연휴양림,유료,내국인,2011,3423,2668,1205,2049,4196,4121,6169,8633,4814,5044,1918,2687,2022-10-04
국립평창청소년수련원,유료,내국인,2011,12070,12306,14398,15368,15080,19855,17675,15350,12410,15315,11735,13995,2022-10-04
대관령 양떼목장,유료,내국인,2011,0,0,0,20128,64460,45250,47180,93660,36850,70642,25730,18556,2022-10-04
무이예술관,유료,내국인,2011,0,0,342,735,2638,2052,3233,6270,2227,2725,1450,597,2022-10-04
백룡동굴,유료,내국인,2011,323,429,277,616,1628,1381,2575,3488,873,1421,461,205,2022-10-04
삼양대관령목장,유료,내국인,2011,0,0,0,0,55698,41457,43822,95588,32226,70200,24780,11450,2022-10-04
선자령,유료,내국인,2011,76,719,3441,904,814,970,640,594,496,1256,789,4393,2022-10-04
신세계대관령콘도,유료,내국인,2011,100,0,0,84,112,216,680,925,0,432,124,560,2022-10-04
알펜시아리조트,유료,내국인,2011,102598,93139,27743,12567,41774,42871,66917,199483,30566,48748,30462,75274,2022-10-04
용평 리조트 숙박시설,유료,내국인,2011,488188,400648,182720,92458,149143,139355,134907,181806,54390,162474,132532,370823,2022-10-04
용평리조트 유스호스텔,유료,내국인,2011,3693,2539,968,496,5856,1223,1324,2020,0,2,140,0,2022-10-04
이효석문학관,유료,내국인,2011,1943,1536,2473,6242,15314,9972,11291,20436,15442,9644,3702,1908,2022-10-04
켄싱턴플로라호텔(이랜드레져비스평창),유료,내국인,2011,7608,9139,4377,8877,8113,5621,9272,19562,8294,8294,8046,9008,2022-10-04
평창 동강민물고기생태관,유료,내국인,2011,321,443,343,557,1469,1448,1181,2686,781,886,703,408,2022-10-04
평창힐링청소년수련원,유료,내국인,2011,0,0,7881,9063,10016,8744,4600,1902,1900,4396,2492,1961,2022-10-04
한국자생식물원,유료,내국인,2011,0,0,0,730,8846,6375,6204,10049,3493,0,0,0,2022-10-04
한국전통음식문화체험관,유료,내국인,2011,23,262,63,130,800,455,1433,3871,1250,1154,322,604,2022-10-04
한화리조트,유료,내국인,2011,45915,37765,27365,50555,32955,30170,39315,60160,14565,20835,14750,36495,2022-10-04
허브나라,유료,내국인,2011,5444,5654,6401,17048,49119,42066,46110,84230,31104,40491,14439,6552,2022-10-04
호렙오대산청소년수련원,유료,내국인,2011,3100,1467,1419,4944,5487,5921,5216,2463,1569,3075,1692,374,2022-10-04
휘닉스파크 숙박시설,유료,내국인,2011,365322,236520,54361,42545,84816,90365,139963,180572,64339,70405,95089,460318,2022-10-04
휘닉스파크 유스호스텔,유료,내국인,2011,14583,7864,7896,6844,9488,9176,11012,11720,5080,5068,1608,11024,2022-10-04
대관령 양떼목장,유료,외국인,2011,0,0,0,244,780,550,570,1140,450,858,312,225,2022-10-04
알펜시아리조트,유료,외국인,2011,13398,11797,3503,3000,2522,2897,5263,6087,3018,5169,5221,15606,2022-10-04
용평 리조트 숙박시설,유료,외국인,2011,11341,12225,6096,3422,2455,3096,2733,1691,2709,5072,5782,19377,2022-10-04
용평리조트 유스호스텔,유료,외국인,2011,562,416,0,0,0,0,0,4,0,9,0,0,2022-10-04
켄싱턴플로라호텔(이랜드레져비스평창),유료,외국인,2011,289,267,176,503,461,309,529,1135,465,465,458,510,2022-10-04
한국자생식물원,유료,외국인,2011,0,0,0,22,124,48,31,43,41,0,0,0,2022-10-04
한국전통음식문화체험관,유료,외국인,2011,76,371,355,200,567,230,369,158,130,218,178,312,2022-10-04
한화리조트,유료,외국인,2011,924,1052,654,182,234,320,166,276,246,1174,734,1788,2022-10-04
허브나라,유료,외국인,2011,62,28,279,239,436,579,230,271,783,858,441,36,2022-10-04
휘닉스파크 숙박시설,유료,외국인,2011,5074,8319,6552,6374,3823,3166,5813,6574,3593,8355,6842,18912,2022-10-04
휘닉스파크 유스호스텔,유료,외국인,2011,139,300,96,0,48,104,200,337,64,472,64,1028,2022-10-04
국립두타산자연휴양림,유료,내국인,2012,1046,1043,2234,1762,2649,3831,0,8469,16682,6454,3697,0,2022-10-04
국립평창청소년수련원,유료,내국인,2012,7235,19702,21656,15491,19545,15836,19431,14625,16682,15315,11735,13995,2022-10-04
대관령 양떼목장,유료,내국인,2012,31172,20946,15557,35848,76433,51556,56820,85008,44969,69564,31527,21675,2022-10-04
무이예술관,유료,내국인,2012,0,0,336,887,2487,1672,3232,6400,4292,2566,1482,1242,2022-10-04
백룡동굴,유료,내국인,2012,289,377,346,863,2258,1891,3650,4006,860,2579,1529,1227,2022-10-04
삼양대관령목장,유료,내국인,2012,16670,12480,9839,24445,76390,34503,46365,79694,37179,69262,24275,11343,2022-10-04
선자령,유료,내국인,2012,19723,15733,3770,796,1048,1004,20008,16213,14203,5984,2028,6321,2022-10-04
알펜시아리조트,유료,내국인,2012,90843,62821,24135,11946,16304,16184,62762,101925,14752,47752,27703,73717,2022-10-04
용평 리조트 숙박시설,유료,내국인,2012,438045,328412,187891,94204,132021,128831,118573,143,0,148339,203396,363638,2022-10-04
용평리조트 유스호스텔,유료,내국인,2012,8415,7259,6005,371,3361,346,453,143,0,0,0,36,2022-10-04
이효석문학관,유료,내국인,2012,1663,1862,2459,2941,11047,4313,7627,16917,18358,9606,5842,3541,2022-10-04
켄싱턴플로라호텔(이랜드레져비스평창),유료,내국인,2012,8500,9140,4440,3674,6162,4305,10972,13960,4312,4664,4633,7024,2022-10-04
평창 동강민물고기생태관,유료,내국인,2012,355,385,358,1801,1987,1246,1152,3520,760,1022,1346,1226,2022-10-04
평창힐링청소년수련원,유료,내국인,2012,182,2939,5836,7488,11771,7729,7500,5509,4160,5404,3298,2703,2022-10-04
한국자생식물원,유료,내국인,2012,0,0,0,6812,6812,4645,4922,7585,3421,7500,0,0,2022-10-04
한국전통음식문화체험관,유료,내국인,2012,251,302,352,1101,927,1027,1230,2759,1041,2089,989,1651,2022-10-04
한화리조트,유료,내국인,2012,44635,36925,11700,24760,27580,23130,44635,52655,18315,22835,17860,47398,2022-10-04
허브나라,유료,내국인,2012,6135,6728,7500,23457,50008,28783,39962,53886,30506,34588,13369,7024,2022-10-04
호렙오대산청소년수련원,유료,내국인,2012,1924,720,1010,1775,5756,3314,5064,6039,2548,6823,1028,380,2022-10-04
휘닉스파크 숙박시설,유료,내국인,2012,374765,242737,61061,37489,74093,78881,123686,179880,68122,79279,101081,409802,2022-10-04
휘닉스파크 유스호스텔,유료,내국인,2012,12040,6404,4209,4644,11247,6724,9972,9592,2942,5748,1992,11744,2022-10-04
대관령 양떼목장,유료,외국인,2012,379,254,189,435,965,505,1051,1823,965,1461,662,455,2022-10-04
삼양대관령목장,유료,외국인,2012,0,0,0,200,350,250,0,0,0,0,0,0,2022-10-04
알펜시아리조트,유료,외국인,2012,12252,6476,2581,4333,2885,3051,4337,3685,2729,6064,5345,17404,2022-10-04
용평 리조트 숙박시설,유료,외국인,2012,14950,9246,6480,4951,3611,3888,2522,4,0,5331,6132,17859,2022-10-04
용평리조트 유스호스텔,유료,외국인,2012,538,389,34,0,0,0,2,4,0,0,0,0,2022-10-04
켄싱턴플로라호텔(이랜드레져비스평창),유료,외국인,2012,1330,586,1065,3843,2082,952,724,1236,1152,3354,2430,4462,2022-10-04
한국자생식물원,유료,외국인,2012,0,0,0,39,39,25,24,11,31,0,0,0,2022-10-04
한국전통음식문화체험관,유료,외국인,2012,114,247,300,619,275,261,350,253,448,193,252,119,2022-10-04
한화리조트,유료,외국인,2012,1519,1838,906,538,440,572,1519,384,164,1174,734,1788,2022-10-04
허브나라,유료,외국인,2012,22,28,87,456,0,285,411,198,682,207,379,4462,2022-10-04
휘닉스파크 숙박시설,유료,외국인,2012,10142,9993,6683,7510,3832,3432,3008,5346,3592,6614,7327,17569,2022-10-04
휘닉스파크 유스호스텔,유료,외국인,2012,1292,404,176,0,136,0,64,496,104,80,0,884,2022-10-04
국립두타산자연휴양림,유료,내국인,2013,5812,3872,2896,5812,3872,2896,5063,9003,5632,6524,3752,3621,2022-10-04
국립평창청소년수련원,유료,내국인,2013,11534,18019,17649,16392,18064,12786,20361,13210,16770,15130,12003,13198,2022-10-04
대관령 양떼목장,유료,내국인,2013,34465,27630,38132,36876,80211,42031,57630,85631,47002,70023,33622,22681,2022-10-04
무이예술관,유료,내국인,2013,0,0,332,802,2671,2103,2042,5863,6063,2655,1488,1172,2022-10-04
삼양대관령목장,유료,내국인,2013,13577,13278,15903,25521,85200,42106,35762,80963,35120,70114,23592,11524,2022-10-04
알펜시아리조트(골프장),유료,내국인,2013,0,0,0,3724,8641,10984,11743,19053,9516,10974,4484,0,2022-10-04
알펜시아리조트(스키장),유료,내국인,2013,38953,26441,4500,636,8422,8014,9882,20055,7526,6714,3289,38557,2022-10-04
알펜시아리조트(오션700),유료,내국인,2013,25865,19019,9925,6643,16751,21542,31514,49686,13137,14197,6391,21656,2022-10-04
오대산국립공원(월정사),유료,내국인,2013,78396,68186,54944,67051,127780,160788,125360,120387,84052,258032,71226,43021,2022-10-04
용평리조트(골프장),유료,내국인,2013,25620,16345,5211,7575,18757,20468,30289,39680,7993,8925,6064,18090,2022-10-04
용평리조트(발왕산전망대 곤돌라),유료,내국인,2013,0,0,529,4972,14853,16380,16437,23309,13453,16215,4114,0,2022-10-04
용평리조트(스키장),유료,내국인,2013,123650,75404,30375,2,0,0,0,0,0,0,16819,86624,2022-10-04
용평리조트(유스호스텔),유료,내국인,2013,9739,8005,6870,1647,50,546,453,143,102,268,215,187,2022-10-04
용평리조트(피크아일랜드),유료,내국인,2013,21694,17917,10877,9652,21944,20297,20672,34162,14810,33187,19300,23681,2022-10-04
이효석문학관,유료,내국인,2013,3047,1574,2443,3006,10210,5021,10040,25126,20361,17572,5710,2096,2022-10-04
켄싱턴플로라호텔(글램핑),유료,내국인,2013,0,0,0,0,0,0,0,512,583,587,387,267,2022-10-04
켄싱턴플로라호텔(컨벤션홀),유료,내국인,2013,7171,6791,6854,3279,4283,1649,7349,4453,3131,8031,8977,4721,2022-10-04
평창 동강민물고기생태관,유료,내국인,2013,144,353,415,569,1486,1405,2500,4565,1036,1029,1396,1321,2022-10-04
평창힐링청소년수련원,유료,내국인,2013,450,1200,2470,1647,6503,2470,6320,4560,3200,5502,3285,2712,2022-10-04
한국전통음식문화체험관,유료,내국인,2013,954,879,495,954,879,495,1004,2562,1530,2234,1050,1678,2022-10-04
한화리조트(컨벤션홀),유료,내국인,2013,1734,10265,7705,1284,352,10880,2313,1311,1648,4010,4118,2052,2022-10-04
허브나라,유료,내국인,2013,8898,6513,2748,21001,45876,36021,42630,60278,50362,35897,14002,6998,2022-10-04
호렙오대산청소년수련원,유료,내국인,2013,11549,3516,1870,1802,6021,4023,4022,6230,1009,6845,1040,332,2022-10-04
휘닉스파크(골프장),유료,내국인,2013,0,0,519,3831,9288,9998,7602,12590,6982,10697,4257,0,2022-10-04
휘닉스파크(스키장),유료,내국인,2013,217121,123019,20099,0,0,0,0,0,0,0,40219,173400,2022-10-04
휘닉스파크(워터파크),유료,내국인,2013,42429,23577,13781,12139,24071,31196,58915,70545,18815,14920,12073,28824,2022-10-04
국립평창청소년수련원,유료,외국인,2013,0,0,0,0,0,120,0,0,0,0,0,0,2022-10-04
대관령 양떼목장,유료,외국인,2013,0,0,0,445,1021,203,0,0,0,1521,674,465,2022-10-04
알펜시아리조트(골프장),유료,외국인,2013,0,0,0,0,0,0,0,0,0,0,0,0,2022-10-04
알펜시아리조트(스키장),유료,외국인,2013,0,0,0,0,0,0,0,0,0,0,0,0,2022-10-04
알펜시아리조트(오션700),유료,외국인,2013,0,0,0,0,0,0,0,0,0,0,0,0,2022-10-04
오대산국립공원(월정사),유료,외국인,2013,0,0,0,0,0,0,0,0,0,0,0,0,2022-10-04
용평리조트(골프장),유료,외국인,2013,0,0,0,0,0,0,0,0,0,0,0,0,2022-10-04
용평리조트(발왕산전망대 곤돌라),유료,외국인,2013,0,0,0,0,0,0,0,0,0,0,0,0,2022-10-04
용평리조트(스키장),유료,외국인,2013,0,0,0,0,0,0,0,0,0,0,0,0,2022-10-04
용평리조트(유스호스텔),유료,외국인,2013,0,14,7,0,0,0,7,10,2,0,0,0,2022-10-04
용평리조트(피크아일랜드),유료,외국인,2013,0,0,0,0,0,0,0,0,0,0,0,0,2022-10-04
켄싱턴플로라호텔(글램핑),유료,외국인,2013,0,0,0,0,0,0,0,0,0,0,0,0,2022-10-04
켄싱턴플로라호텔(컨벤션홀),유료,외국인,2013,0,0,0,0,0,0,0,0,0,0,0,0,2022-10-04
한국전통음식문화체험관,유료,외국인,2013,359,208,0,359,208,0,230,105,250,203,258,132,2022-10-04
한화리조트(컨벤션홀),유료,외국인,2013,0,0,0,0,0,0,0,0,0,0,0,0,2022-10-04
허브나라,유료,외국인,2013,1482,1724,1470,0,0,0,0,0,0,218,387,4474,2022-10-04
휘닉스파크(골프장),유료,외국인,2013,0,0,0,0,0,0,0,0,0,0,0,0,2022-10-04
휘닉스파크(스키장),유료,외국인,2013,0,0,0,0,0,0,0,0,0,0,0,0,2022-10-04
휘닉스파크(워터파크),유료,외국인,2013,0,0,0,0,0,0,0,0,0,0,0,0,2022-10-04
국립두타산자연휴양림,유료,내국인,2014,4410,2395,1679,1747,4022,4742,5865,6739,3600,4530,2148,2365,2022-10-04
국립평창청소년수련원,유료,내국인,2014,9700,14753,12031,11407,892,2160,11480,19390,7124,8237,8237,8237,2022-10-04
대관령 양떼목장,유료,내국인,2014,33356,14587,20860,27681,65112,46795,58672,5867,48379,34550,21500,15600,2022-10-04
로하스파크(와카푸카),유료,내국인,2014,2408,1568,2083,2000,4759,2934,3552,10659,2141,3514,1971,1268,2022-10-04
무이예술관,유료,내국인,2014,245,0,290,562,2476,1496,2269,4719,2233,8523,8328,1200,2022-10-04
백룡동굴,유료,내국인,2014,343,223,227,643,1102,1606,2475,3559,1020,1716,901,229,2022-10-04
삼양대관령목장,유료,내국인,2014,18641,10268,14411,21801,62564,40049,46365,79694,37179,75171,27389,10060,2022-10-04
알펜시아리조트(골프장),유료,내국인,2014,0,0,0,4158,8898,10689,12839,14642,8719,9857,5522,0,2022-10-04
알펜시아리조트(스키장),유료,내국인,2014,42323,24760,4369,1798,0,0,0,0,0,0,1930,28844,2022-10-04
알펜시아리조트(오션700),유료,내국인,2014,27349,17282,8936,8429,12714,15816,25173,50640,10044,7900,4516,17635,2022-10-04
오대산국립공원(월정사),유료,내국인,2014,86216,59778,51925,72305,130987,118511,76864,114617,65840,210002,120650,45020,2022-10-04
용평리조트(골프장),유료,내국인,2014,24901,14026,3554,5331,11143,11913,14300,13896,9067,14862,4978,14862,2022-10-04
용평리조트(발왕산전망대 곤돌라),유료,내국인,2014,0,0,984,10751,20254,17576,24722,34893,15786,34588,16695,18172,2022-10-04
용평리조트(스키장),유료,내국인,2014,116239,70263,30085,549,0,0,0,0,0,0,21603,137939,2022-10-04
용평리조트(유스호스텔),유료,내국인,2014,11373,9162,3791,0,208,0,30,93,175,762,2036,2036,2022-10-04
용평리조트(피크아일랜드),유료,내국인,2014,23141,18154,10747,4365,10679,17050,27210,36539,7649,10199,2797,13354,2022-10-04
이효석문학관,유료,내국인,2014,3035,2335,2776,3893,10103,8080,11267,28628,24081,17570,6800,2500,2022-10-04
켄싱턴플로라호텔(글램핑),유료,내국인,2014,344,238,241,400,714,1140,424,565,291,4361,4361,1530,2022-10-04
켄싱턴플로라호텔(컨벤션홀),유료,내국인,2014,5529,6352,7902,7108,4630,7731,3016,4756,3516,4797,2456,2560,2022-10-04
평창 동강민물고기생태관,유료,내국인,2014,319,164,306,491,1102,1606,1158,2609,528,758,410,84,2022-10-04
평창힐링청소년수련원,유료,내국인,2014,510,3426,4767,5735,0,0,2100,3035,1807,14262,13520,12400,2022-10-04
한국전통음식문화체험관,유료,내국인,2014,1027,705,919,840,1769,1472,1200,4664,959,2221,1230,178,2022-10-04
한화리조트(컨벤션홀),유료,내국인,2014,742,7199,3080,1143,796,10655,2738,3320,2975,708,537,406,2022-10-04
허브나라,유료,내국인,2014,5284,4077,7351,14841,42006,31823,32539,60414,28219,35890,13210,15120,2022-10-04
호렙오대산청소년수련원,유료,내국인,2014,757,552,2695,8737,0,106,1669,1889,424,6532,6532,450,2022-10-04
휘닉스파크(골프장),유료,내국인,2014,0,0,1265,5061,9556,9675,9504,12207,7533,10120,4199,0,2022-10-04
휘닉스파크(스키장),유료,내국인,2014,210020,100752,14818,0,0,0,0,0,0,0,37428,143904,2022-10-04
휘닉스파크(워터파크),유료,내국인,2014,41026,19027,10208,4806,18117,26083,45011,59115,12796,13852,10972,23884,2022-10-04
국립두타산자연휴양림,유료,외국인,2014,0,0,0,0,0,0,0,0,0,0,0,0,2022-10-04
국립평창청소년수련원,유료,외국인,2014,0,0,0,10,0,92,0,0,0,0,0,0,2022-10-04
대관령 양떼목장,유료,외국인,2014,2606,1288,1207,565,2014,814,1014,1014,916,151,55,37,2022-10-04
로하스파크(와카푸카),유료,외국인,2014,0,0,0,0,0,0,0,0,0,0,0,0,2022-10-04
무이예술관,유료,외국인,2014,0,0,0,0,0,0,0,0,0,0,0,0,2022-10-04
백룡동굴,유료,외국인,2014,0,0,0,0,0,0,0,0,0,0,0,0,2022-10-04
삼양대관령목장,유료,외국인,2014,0,0,0,0,0,0,0,0,0,0,0,0,2022-10-04
알펜시아리조트(골프장),유료,외국인,2014,0,0,0,0,0,0,0,0,0,0,0,0,2022-10-04
알펜시아리조트(스키장),유료,외국인,2014,0,0,0,0,0,0,0,0,0,0,387,7007,2022-10-04
알펜시아리조트(오션700),유료,외국인,2014,0,0,0,1757,733,1182,2077,2377,523,390,395,3288,2022-10-04
오대산국립공원(월정사),유료,외국인,2014,0,0,0,0,0,0,5785,9967,5338,0,0,0,2022-10-04
용평리조트(골프장),유료,외국인,2014,0,0,0,0,0,0,0,0,0,0,0,0,2022-10-04
용평리조트(발왕산전망대 곤돌라),유료,외국인,2014,0,0,0,0,0,0,0,0,0,0,0,0,2022-10-04
용평리조트(스키장),유료,외국인,2014,0,0,0,0,0,0,0,0,0,0,0,0,2022-10-04
용평리조트(유스호스텔),유료,외국인,2014,28,41,0,0,0,0,0,1,0,0,0,0,2022-10-04
용평리조트(피크아일랜드),유료,외국인,2014,0,0,0,0,0,0,0,0,0,0,0,0,2022-10-04
이효석문학관,유료,외국인,2014,0,0,0,52,86,125,0,0,0,30,2,5,2022-10-04
켄싱턴플로라호텔(글램핑),유료,외국인,2014,3,2,4,4,7,11,0,0,0,0,1869,560,2022-10-04
켄싱턴플로라호텔(컨벤션홀),유료,외국인,2014,0,0,0,374,243,406,0,0,0,2056,1053,983,2022-10-04
평창 동강민물고기생태관,유료,외국인,2014,0,0,0,0,0,0,0,0,0,0,0,0,2022-10-04
평창힐링청소년수련원,유료,외국인,2014,0,0,0,0,0,0,0,0,0,0,0,0,2022-10-04
한국전통음식문화체험관,유료,외국인,2014,113,124,233,354,481,1227,504,300,272,250,367,630,2022-10-04
한화리조트(컨벤션홀),유료,외국인,2014,0,0,0,0,0,0,0,0,0,0,0,0,2022-10-04
허브나라,유료,외국인,2014,218,51,143,534,1002,357,115,98,155,189,230,432,2022-10-04
호렙오대산청소년수련원,유료,외국인,2014,0,0,0,0,0,0,0,0,0,0,0,0,2022-10-04
휘닉스파크(골프장),유료,외국인,2014,0,0,0,0,0,0,0,0,0,0,0,0,2022-10-04
휘닉스파크(스키장),유료,외국인,2014,0,0,0,0,0,0,0,0,0,0,0,0,2022-10-04
휘닉스파크(워터파크),유료,외국인,2014,0,0,0,0,0,0,0,0,0,0,0,0,2022-10-04
국립두타산자연휴양림,유료,내국인,2015,4164,1956,1398,1733,3891,3736,5783,6435,4052,4979,1983,2795,2022-10-04
국립평창청소년수련원,유료,내국인,2015,3267,11472,11358,10712,12583,3724,2973,4849,5008,5479,3754,1879,2022-10-04
대관령 양떼목장,유료,내국인,2015,51362,27806,23165,35195,85021,26337,48018,93640,52859,81846,26229,34189,2022-10-04
무이예술관,유료,내국인,2015,288,0,227,412,1455,480,1527,3892,2275,1412,714,380,2022-10-04
백룡동굴,유료,내국인,2015,439,413,300,1085,2282,762,2440,4991,1625,2403,1145,394,2022-10-04
삼양대관령목장,유료,내국인,2015,21128,13692,9869,21286,76623,22589,44408,87832,46494,84332,19426,19907,2022-10-04
알펜시아리조트(골프장),유료,내국인,2015,0,0,185,6459,11217,10408,11965,15256,7946,11934,3924,0,2022-10-04
알펜시아리조트(스키장),유료,내국인,2015,36055,26570,3559,0,0,0,0,0,0,0,995,29232,2022-10-04
알펜시아리조트(오션700),유료,내국인,2015,22901,17588,4581,4860,18787,5645,21466,39063,9341,7454,7784,16244,2022-10-04
오대산국립공원(월정사),유료,내국인,2015,63557,57466,51959,98083,307528,177038,85649,115000,75499,210193,71841,35921,2022-10-04
용평리조트(골프장),유료,내국인,2015,0,0,1617,8060,15877,13853,15424,20963,12043,14118,4139,0,2022-10-04
용평리조트(발왕산전망대 곤돌라),유료,내국인,2015,20745,16873,8500,13082,25837,8399,19631,36859,17147,31787,13900,20350,2022-10-04
용평리조트(스키장),유료,내국인,2015,192935,106360,41215,0,0,0,0,0,0,0,4719,99471,2022-10-04
용평리조트(유스호스텔),유료,내국인,2015,16592,13511,4866,547,2195,540,4421,3641,812,558,3091,15196,2022-10-04
용평리조트(피크아일랜드),유료,내국인,2015,18997,12451,2943,5904,18520,5567,24585,39453,9461,11112,2615,13535,2022-10-04
이효석문학관,유료,내국인,2015,3374,2552,2249,4690,16575,3393,8502,18204,23176,15972,5025,3180,2022-10-04
켄싱턴플로라호텔(글램핑),유료,내국인,2015,87,0,0,0,0,0,1094,1278,490,682,310,293,2022-10-04
켄싱턴플로라호텔(컨벤션홀),유료,내국인,2015,2140,951,1318,2451,2654,507,634,1210,2131,2919,5773,2156,2022-10-04
평창 동강민물고기생태관,유료,내국인,2015,175,235,237,659,1055,370,1052,2094,405,904,296,190,2022-10-04
평창힐링청소년수련원,유료,내국인,2015,0,2358,2626,6503,4692,1734,3450,3553,5241,4487,1255,60,2022-10-04
한국전통음식문화체험관,유료,내국인,2015,712,385,354,820,1258,638,1300,1500,650,1750,1250,985,2022-10-04
한화리조트(컨벤션홀),유료,내국인,2015,2580,5690,3015,14680,16510,575,35985,57190,20995,5635,4880,2915,2022-10-04
허브나라,유료,내국인,2015,5738,3212,4788,13479,44283,13273,24091,47457,27100,35893,13561,11059,2022-10-04
호렙오대산청소년수련원,유료,내국인,2015,40,480,566,0,0,0,0,0,0,0,0,0,2022-10-04
휘닉스파크(골프장),유료,내국인,2015,0,0,875,5294,9815,9986,10137,11222,7358,8408,3341,0,2022-10-04
휘닉스파크(스키장),유료,내국인,2015,198177,105765,11659,0,0,0,0,0,0,0,17221,144197,2022-10-04
휘닉스파크(워터파크),유료,내국인,2015,37004,19067,6875,10758,28103,10791,38374,57262,13349,11975,9146,24903,2022-10-04
국립두타산자연휴양림,유료,외국인,2015,0,0,0,0,0,0,0,0,0,0,0,0,2022-10-04
국립평창청소년수련원,유료,외국인,2015,0,0,0,0,0,0,0,0,0,0,0,0,2022-10-04
대관령 양떼목장,유료,외국인,2015,2193,1106,965,1466,3542,814,979,3901,1023,826,131,380,2022-10-04
무이예술관,유료,외국인,2015,0,0,0,0,0,0,0,0,11,0,0,0,2022-10-04
백룡동굴,유료,외국인,2015,0,0,0,0,0,0,0,0,0,0,0,0,2022-10-04
삼양대관령목장,유료,외국인,2015,69,0,12,331,218,134,0,0,0,7,43,105,2022-10-04
알펜시아리조트(골프장),유료,외국인,2015,0,0,0,0,0,0,0,0,0,0,0,0,2022-10-04
알펜시아리조트(스키장),유료,외국인,2015,0,0,0,0,0,0,0,0,0,0,0,0,2022-10-04
알펜시아리조트(오션700),유료,외국인,2015,788,2369,358,517,328,127,33,1076,659,319,476,2302,2022-10-04
오대산국립공원(월정사),유료,외국인,2015,0,0,0,0,0,0,0,0,0,0,0,0,2022-10-04
용평리조트(골프장),유료,외국인,2015,0,0,0,0,0,0,0,0,0,0,0,0,2022-10-04
용평리조트(발왕산전망대 곤돌라),유료,외국인,2015,0,0,0,0,0,0,0,0,0,0,0,0,2022-10-04
용평리조트(스키장),유료,외국인,2015,0,0,0,0,0,0,0,0,0,0,0,0,2022-10-04
용평리조트(유스호스텔),유료,외국인,2015,123,207,15,0,20,0,0,0,0,0,0,0,2022-10-04
용평리조트(피크아일랜드),유료,외국인,2015,0,0,0,0,0,0,0,0,0,0,0,0,2022-10-04
이효석문학관,유료,외국인,2015,0,0,0,0,0,0,0,0,0,0,0,0,2022-10-04
켄싱턴플로라호텔(글램핑),유료,외국인,2015,0,0,0,0,0,0,50,2,0,0,0,0,2022-10-04
켄싱턴플로라호텔(컨벤션홀),유료,외국인,2015,0,0,0,0,0,0,40,0,0,0,0,0,2022-10-04
평창 동강민물고기생태관,유료,외국인,2015,0,0,0,0,0,0,0,0,0,0,0,0,2022-10-04
평창힐링청소년수련원,유료,외국인,2015,0,0,0,0,0,0,0,0,0,0,0,0,2022-10-04
한국전통음식문화체험관,유료,외국인,2015,129,94,50,145,190,154,30,15,40,120,220,180,2022-10-04
한화리조트(컨벤션홀),유료,외국인,2015,0,0,0,89,126,33,4,84,46,0,0,0,2022-10-04
허브나라,유료,외국인,2015,12,18,460,649,551,147,70,218,306,203,308,412,2022-10-04
호렙오대산청소년수련원,유료,외국인,2015,0,0,0,0,0,0,0,0,0,0,0,0,2022-10-04
휘닉스파크(골프장),유료,외국인,2015,0,0,0,0,0,0,0,0,0,0,0,0,2022-10-04
휘닉스파크(스키장),유료,외국인,2015,3138,3483,689,0,0,0,0,0,0,0,0,0,2022-10-04
휘닉스파크(워터파크),유료,외국인,2015,1094,2042,464,0,0,0,0,0,0,0,0,0,2022-10-04
국립두타산자연휴양림,유료,내국인,2016,4759,3015,1480,2426,4309,3972,5729,7100,4157,5103,2482,2727,2022-10-04
국립평창청소년수련원,유료,내국인,2016,3957,19494,11366,13474,12039,9051,13136,13893,9764,11661,11495,3534,2022-10-04
대관령 양떼목장,유료,내국인,2016,46959,24280,19813,34790,67054,48783,45980,76128,48828,81913,31799,34240,2022-10-04
무이예술관,유료,내국인,2016,287,0,119,319,976,796,1532,2124,1832,908,350,240,2022-10-04
백룡동굴,유료,내국인,2016,533,380,732,955,1859,1651,2622,4179,1430,1833,1064,340,2022-10-04
삼양대관령목장,유료,내국인,2016,24468,16713,12823,25317,59047,40363,41582,65694,28050,5340,18081,15125,2022-10-04
알펜시아리조트(골프장),유료,내국인,2016,0,0,80,1389,3517,9288,13571,12275,8302,0,0,0,2022-10-04
알펜시아리조트(스키장),유료,내국인,2016,31972,21553,2081,0,0,0,0,0,0,0,815,26975,2022-10-04
알펜시아리조트(오션700),유료,내국인,2016,21707,16905,6924,7588,15916,13162,27611,34183,10365,10809,3310,14848,2022-10-04
오대산국립공원(월정사),유료,내국인,2016,46179,40665,31012,46703,83142,62281,77430,149238,96370,230167,101093,53747,2022-10-04
용평리조트(골프장),유료,내국인,2016,0,0,1875,10612,13331,14942,16746,19705,12376,15131,4646,0,2022-10-04
용평리조트(발왕산전망대 곤돌라),유료,내국인,2016,20518,15626,4958,1623,20832,14261,21172,29599,14069,34974,13384,23211,2022-10-04
용평리조트(스키장),유료,내국인,2016,130965,70255,14056,0,0,0,0,0,0,0,10036,91452,2022-10-04
용평리조트(유스호스텔),유료,내국인,2016,4,222,107,1080,1430,833,8001,7163,179,0,0,0,2022-10-04
용평리조트(피크아일랜드),유료,내국인,2016,19710,12086,1251,5609,13577,12396,23769,33233,6422,7786,2625,14092,2022-10-04
이효석문학관,유료,내국인,2016,2892,2341,2182,4545,11784,6877,9100,13999,21002,13521,3591,2176,2022-10-04
켄싱턴플로라호텔(글램핑),유료,내국인,2016,205,15723,100,359,705,1208,1626,1398,420,287,177,318,2022-10-04
켄싱턴플로라호텔(컨벤션홀),유료,내국인,2016,1791,1627,3911,5483,3159,2171,4706,1307,1818,2700,2000,2411,2022-10-04
평창 동강민물고기생태관,유료,내국인,2016,227,149,237,361,879,753,1002,1463,454,676,241,265,2022-10-04
평창힐링청소년수련원,유료,내국인,2016,0,2132,2289,3118,5954,2694,4854,3696,4198,2094,160,0,2022-10-04
한국앵무새학교,유료,내국인,2016,400,450,300,401,452,352,1587,1822,809,520,485,463,2022-10-04
한국전통음식문화체험관,유료,내국인,2016,950,400,350,1200,1561,1252,2065,2905,896,2360,1302,1689,2022-10-04
한화리조트(컨벤션홀),유료,내국인,2016,0,0,0,5566,4204,6793,36230,45195,15205,3763,2487,3295,2022-10-04
허브나라,유료,내국인,2016,28679,8194,5087,12075,27998,18867,20660,30580,20496,24395,6606,3014,2022-10-04
호렙오대산청소년수련원,유료,내국인,2016,0,0,0,0,0,0,0,0,0,0,0,0,2022-10-04
휘닉스파크(골프장),유료,내국인,2016,0,0,872,4053,7607,8520,8406,9303,5973,10927,4949,232,2022-10-04
휘닉스파크(스키장),유료,내국인,2016,174640,59834,9615,1097,0,0,0,0,0,0,21901,130123,2022-10-04
휘닉스파크(워터파크),유료,내국인,2016,38483,24264,7612,9129,21252,19897,47239,62506,12341,11076,7659,22242,2022-10-04
국립두타산자연휴양림,유료,외국인,2016,0,0,0,0,0,0,0,0,0,0,0,0,2022-10-04
국립평창청소년수련원,유료,외국인,2016,0,0,0,0,0,0,0,0,0,0,0,0,2022-10-04
대관령 양떼목장,유료,외국인,2016,0,0,0,0,0,0,0,0,0,0,0,0,2022-10-04
무이예술관,유료,외국인,2016,0,0,0,0,0,0,0,0,0,0,0,0,2022-10-04
백룡동굴,유료,외국인,2016,0,0,0,0,0,0,0,0,0,0,0,0,2022-10-04
삼양대관령목장,유료,외국인,2016,52,84,90,260,137,124,0,0,0,0,0,0,2022-10-04
알펜시아리조트(골프장),유료,외국인,2016,0,0,0,0,0,0,0,0,0,0,0,0,2022-10-04
알펜시아리조트(스키장),유료,외국인,2016,528,0,0,0,0,0,0,0,0,0,0,4799,2022-10-04
알펜시아리조트(오션700),유료,외국인,2016,400,1505,1161,664,235,253,1167,1259,273,443,223,2047,2022-10-04
오대산국립공원(월정사),유료,외국인,2016,0,0,42,63,87,72,34,27,37,40,12,0,2022-10-04
용평리조트(골프장),유료,외국인,2016,0,0,0,0,0,0,0,0,0,0,0,0,2022-10-04
용평리조트(발왕산전망대 곤돌라),유료,외국인,2016,0,0,0,0,0,0,0,0,0,0,0,0,2022-10-04
용평리조트(스키장),유료,외국인,2016,0,0,0,0,0,0,0,0,0,0,0,0,2022-10-04
용평리조트(유스호스텔),유료,외국인,2016,0,0,0,0,0,0,0,0,0,0,0,0,2022-10-04
용평리조트(피크아일랜드),유료,외국인,2016,0,0,0,0,0,0,0,0,0,0,0,0,2022-10-04
이효석문학관,유료,외국인,2016,0,0,0,0,0,0,0,0,0,0,0,0,2022-10-04
켄싱턴플로라호텔(글램핑),유료,외국인,2016,0,0,0,0,0,5,34,26,9,0,6,0,2022-10-04
켄싱턴플로라호텔(컨벤션홀),유료,외국인,2016,0,0,0,0,0,0,0,0,1,0,0,0,2022-10-04
평창 동강민물고기생태관,유료,외국인,2016,0,0,0,0,0,0,0,0,0,0,0,0,2022-10-04
평창힐링청소년수련원,유료,외국인,2016,0,0,0,0,0,0,0,0,0,0,0,0,2022-10-04
한국앵무새학교,유료,외국인,2016,0,0,0,0,0,0,0,0,0,0,0,0,2022-10-04
한국전통음식문화체험관,유료,외국인,2016,100,250,150,90,128,302,463,2,48,0,0,0,2022-10-04
한화리조트(컨벤션홀),유료,외국인,2016,0,0,0,0,0,0,388,0,44,0,0,0,2022-10-04
허브나라,유료,외국인,2016,303,267,78,411,529,469,503,474,214,85,9,0,2022-10-04
호렙오대산청소년수련원,유료,외국인,2016,0,0,0,0,0,0,0,0,0,0,0,0,2022-10-04
휘닉스파크(골프장),유료,외국인,2016,0,0,0,0,0,0,0,0,0,0,0,0,2022-10-04
휘닉스파크(스키장),유료,외국인,2016,0,0,0,0,0,0,0,0,0,0,0,0,2022-10-04
휘닉스파크(워터파크),유료,외국인,2016,0,0,0,0,0,0,0,0,0,0,0,0,2022-10-04
국립두타산자연휴양림,유료,내국인,2017,4513,3376,2685,2809,5286,4968,6506,7591,4311,6472,414,3843,2022-10-04
국립평창청소년수련원,유료,내국인,2017,2807,7374,9378,12248,13404,12642,11679,14993,15407,7036,9934,9934,2022-10-04
대관령 양떼목장,유료,내국인,2017,39246,26512,22145,44479,76827,39557,32168,61588,53717,75215,27611,26788,2022-10-04
무이예술관,유료,내국인,2017,0,0,0,0,0,0,1244,2594,3050,1712,484,323,2022-10-04
백룡동굴,유료,내국인,2017,299,314,343,1117,2036,1546,2145,4024,1899,3218,1310,350,2022-10-04
삼양대관령목장,유료,내국인,2017,21558,18371,9944,25436,56714,31603,28000,47000,38000,55871,16685,14009,2022-10-04
알펜시아리조트(골프장),유료,내국인,2017,0,0,348,3478,10199,11969,12986,14065,10666,9141,2349,0,2022-10-04
알펜시아리조트(스키장),유료,내국인,2017,36432,24557,2330,0,0,0,6013,6356,5237,0,0,5556,2022-10-04
알펜시아리조트(오션700),유료,내국인,2017,21768,17832,8305,11933,26231,21846,28500,34660,10099,11438,0,0,2022-10-04
오대산국립공원(월정사),유료,내국인,2017,81611,79650,59989,86204,123504,94916,85530,133996,92865,331702,112939,52929,2022-10-04
용평리조트(골프장),유료,내국인,2017,0,0,2005,10204,14951,14836,17361,18212,12780,15318,5784,0,2022-10-04
용평리조트(발왕산전망대 곤돌라),유료,내국인,2017,27497,20149,10025,17869,21393,16088,21495,29239,13450,35146,16091,0,2022-10-04
용평리조트(스키장),유료,내국인,2017,137525,80143,42561,0,0,0,0,0,0,0,8152,93895,2022-10-04
용평리조트(유스호스텔),유료,내국인,2017,19717,16711,9379,3708,2642,1600,2248,1716,1032,1612,1250,3598,2022-10-04
용평리조트(피크아일랜드),유료,내국인,2017,19539,10206,1635,5839,14266,9959,22450,28852,4930,8845,2335,13859,2022-10-04
이효석문학관,유료,내국인,2017,1684,2164,1775,5199,11624,6049,9219,19047,30183,18890,3966,2849,2022-10-04
켄싱턴플로라호텔(글램핑),유료,내국인,2017,187,85,76,1167,851,930,5135,7277,2959,0,0,0,2022-10-04
켄싱턴플로라호텔(컨벤션홀),유료,내국인,2017,251,1950,2665,3335,2606,3024,515,294,3769,2839,4926,2959,2022-10-04
평창 동강민물고기생태관,유료,내국인,2017,143,165,217,278,643,527,845,1536,387,1299,1333,1427,2022-10-04
평창힐링청소년수련원,유료,내국인,2017,40,730,1150,2816,5024,3490,4226,5856,2240,1400,0,0,2022-10-04
한국앵무새학교,유료,내국인,2017,0,0,0,0,0,0,0,0,0,0,0,0,2022-10-04
한국전통음식문화체험관,유료,내국인,2017,302,602,502,1099,2062,489,967,1121,2080,2238,1741,995,2022-10-04
한화리조트(컨벤션홀),유료,내국인,2017,3720,6878,5274,4522,4405,7904,3060,4550,3190,2740,1910,2211,2022-10-04
허브나라,유료,내국인,2017,2350,2529,3180,12855,31529,14369,1681,2680,19438,26736,5455,1931,2022-10-04
호렙오대산청소년수련원,유료,내국인,2017,0,0,0,0,0,0,0,0,0,0,0,0,2022-10-04
휘닉스파크(골프장),유료,내국인,2017,0,0,1568,8130,12528,12608,9127,9933,10303,8462,3699,0,2022-10-04
휘닉스파크(스키장),유료,내국인,2017,168608,105882,11564,0,0,0,0,0,0,0,21612,189224,2022-10-04
휘닉스파크(워터파크),유료,내국인,2017,35107,20936,7996,2495,22512,34613,56750,73641,16646,20525,11589,28607,2022-10-04
국립두타산자연휴양림,유료,외국인,2017,0,0,0,0,0,0,0,0,0,0,0,0,2022-10-04
국립평창청소년수련원,유료,외국인,2017,0,0,0,0,0,0,0,0,0,0,0,0,2022-10-04
대관령 양떼목장,유료,외국인,2017,0,0,0,0,0,0,0,0,0,0,0,0,2022-10-04
무이예술관,유료,외국인,2017,0,0,0,0,0,0,0,0,0,0,0,0,2022-10-04
백룡동굴,유료,외국인,2017,0,0,0,0,0,0,0,0,0,0,0,0,2022-10-04
삼양대관령목장,유료,외국인,2017,115,101,29,0,0,41,0,0,0,0,0,0,2022-10-04
알펜시아리조트(골프장),유료,외국인,2017,0,0,0,0,0,0,0,0,0,0,0,0,2022-10-04
알펜시아리조트(스키장),유료,외국인,2017,0,0,0,0,0,0,0,0,0,0,0,0,2022-10-04
알펜시아리조트(오션700),유료,외국인,2017,0,0,0,0,0,0,0,0,0,0,0,0,2022-10-04
오대산국립공원(월정사),유료,외국인,2017,7,45,68,0,0,0,0,0,0,0,0,0,2022-10-04
용평리조트(골프장),유료,외국인,2017,0,0,0,0,0,0,0,0,0,0,0,0,2022-10-04
용평리조트(발왕산전망대 곤돌라),유료,외국인,2017,0,0,0,0,0,0,0,0,0,0,0,0,2022-10-04
용평리조트(스키장),유료,외국인,2017,0,0,0,0,0,0,0,0,0,0,0,0,2022-10-04
용평리조트(유스호스텔),유료,외국인,2017,0,60,0,0,0,0,0,0,0,0,0,0,2022-10-04
용평리조트(피크아일랜드),유료,외국인,2017,0,0,0,0,0,0,0,0,0,0,0,0,2022-10-04
이효석문학관,유료,외국인,2017,0,0,0,0,0,0,0,0,0,0,0,0,2022-10-04
켄싱턴플로라호텔(글램핑),유료,외국인,2017,6,0,0,0,0,0,3,7,60,0,0,0,2022-10-04
켄싱턴플로라호텔(컨벤션홀),유료,외국인,2017,10,600,558,0,0,0,0,0,0,0,0,0,2022-10-04
평창 동강민물고기생태관,유료,외국인,2017,0,0,0,0,0,0,0,0,0,0,0,0,2022-10-04
평창힐링청소년수련원,유료,외국인,2017,0,0,0,0,0,0,0,0,0,0,0,0,2022-10-04
한국앵무새학교,유료,외국인,2017,0,0,0,0,0,0,0,0,0,0,0,0,2022-10-04
한국전통음식문화체험관,유료,외국인,2017,189,818,246,0,596,288,250,47,58,191,149,85,2022-10-04
한화리조트(컨벤션홀),유료,외국인,2017,0,304,0,0,0,0,0,0,0,0,0,0,2022-10-04
허브나라,유료,외국인,2017,0,0,0,68,48,152,0,0,0,0,0,0,2022-10-04
호렙오대산청소년수련원,유료,외국인,2017,0,0,0,0,0,0,0,0,0,0,0,0,2022-10-04
휘닉스파크(골프장),유료,외국인,2017,0,0,0,0,0,0,0,0,0,0,0,0,2022-10-04
휘닉스파크(스키장),유료,외국인,2017,0,0,0,0,0,0,0,0,0,0,0,0,2022-10-04
휘닉스파크(워터파크),유료,외국인,2017,0,0,0,0,0,0,0,0,0,0,0,0,2022-10-04
국립두타산자연휴양림,유료,내국인,2018,4056,6332,2459,3071,4491,4420,8018,8751,4330,2348,516,4969,2022-10-04
국립평창청소년수련원,유료,내국인,2018,10678,17424,5955,9945,11680,10240,9945,11680,10240,11566,7815,1605,2022-10-04
대관령 양떼목장,유료,내국인,2018,26997,17125,26512,33953,62761,41239,37630,64090,52182,0,0,0,2022-10-04
무이예술관,유료,내국인,2018,0,0,0,0,0,0,0,1636,1314,1015,1257,1549,2022-10-04
백룡동굴,유료,내국인,2018,411,333,564,826,1547,1588,3627,5386,1594,1472,586,429,2022-10-04
삼양대관령목장,유료,내국인,2018,16503,8754,12492,20421,37710,24902,25020,48674,44637,77968,17052,14295,2022-10-04
알펜시아리조트(골프장),유료,내국인,2018,0,0,0,2989,9341,15181,14756,15870,10226,13537,5938,0,2022-10-04
알펜시아리조트(스키장),유료,내국인,2018,4984,0,0,0,0,0,6606,7555,294,0,523,37882,2022-10-04
알펜시아리조트(오션700),유료,내국인,2018,0,0,0,2562,13776,11421,25415,33265,9200,6461,2785,16993,2022-10-04
오대산국립공원(월정사),유료,내국인,2018,97476,77175,73434,91775,130881,117729,120478,151818,118867,249818,95455,68917,2022-10-04
용평리조트(골프장),유료,내국인,2018,0,0,236,8475,13533,15569,19122,20367,16081,16675,4338,115,2022-10-04
용평리조트(발왕산전망대 곤돌라),유료,내국인,2018,0,100,7187,16417,24332,15847,24612,43201,22171,40899,17804,27355,2022-10-04
용평리조트(스키장),유료,내국인,2018,92029,22605,19808,0,0,0,0,0,0,0,6115,90038,2022-10-04
용평리조트(유스호스텔),유료,내국인,2018,1528,1247,612,459,2613,1610,1685,7758,1584,1345,529,4347,2022-10-04
용평리조트(피크아일랜드),유료,내국인,2018,12873,2508,1073,6682,15972,8948,24595,32184,6946,6050,1310,17784,2022-10-04
이효석문학관,유료,내국인,2018,2489,2913,3741,5056,9527,6129,7111,14315,28092,12824,5072,2382,2022-10-04
켄싱턴플로라호텔(글램핑),유료,내국인,2018,22,0,62,1000,750,480,813,853,226,132,130,77,2022-10-04
켄싱턴플로라호텔(컨벤션홀),유료,내국인,2018,730,505,1838,2000,1606,1072,1683,12759,3572,3654,5783,1314,2022-10-04
평창 동강민물고기생태관,유료,내국인,2018,133,148,185,452,543,411,845,1165,311,396,241,73,2022-10-04
평창힐링청소년수련원,유료,내국인,2018,2500,12000,4480,4296,6326,2895,6356,5214,2234,2370,23,0,2022-10-04
한국앵무새학교,유료,내국인,2018,0,0,0,0,0,0,0,0,0,0,0,0,2022-10-04
한국전통음식문화체험관,유료,내국인,2018,769,2895,674,805,1085,861,678,926,826,648,475,366,2022-10-04
한화리조트(컨벤션홀),유료,내국인,2018,2850,3870,2601,3843,6399,5017,3050,2220,1600,4125,4608,4714,2022-10-04
허브나라,유료,내국인,2018,0,0,3446,10570,20315,12026,11325,18434,15003,14329,4864,1860,2022-10-04
호렙오대산청소년수련원,유료,내국인,2018,0,0,0,0,0,0,0,0,0,0,0,0,2022-10-04
휘닉스파크(골프장),유료,내국인,2018,0,0,1779,5980,9077,9938,9895,9824,7884,8808,4162,16,2022-10-04
휘닉스파크(스키장),유료,내국인,2018,241909,259,0,0,0,0,0,0,0,0,25497,148383,2022-10-04
휘닉스파크(워터파크),유료,내국인,2018,6184,2173,3090,24357,41184,45497,59212,74273,21544,15429,17100,48625,2022-10-04
국립두타산자연휴양림,유료,외국인,2018,0,0,0,0,0,0,0,0,0,0,0,0,2022-10-04
국립평창청소년수련원,유료,외국인,2018,0,0,0,0,0,0,0,0,0,0,0,0,2022-10-04
대관령 양떼목장,유료,외국인,2018,0,0,0,0,0,0,0,0,0,0,0,0,2022-10-04
무이예술관,유료,외국인,2018,0,0,0,0,0,0,0,0,0,0,0,0,2022-10-04
백룡동굴,유료,외국인,2018,0,0,0,0,0,0,0,0,0,0,0,0,2022-10-04
삼양대관령목장,유료,외국인,2018,0,0,0,0,0,0,13,7,11,0,0,0,2022-10-04
알펜시아리조트(골프장),유료,외국인,2018,0,0,0,0,0,0,0,0,0,0,0,0,2022-10-04
알펜시아리조트(스키장),유료,외국인,2018,0,0,0,0,0,0,0,0,0,0,0,0,2022-10-04
알펜시아리조트(오션700),유료,외국인,2018,0,0,0,0,0,0,0,0,0,0,0,0,2022-10-04
오대산국립공원(월정사),유료,외국인,2018,0,0,0,0,0,0,0,0,0,0,0,0,2022-10-04
용평리조트(골프장),유료,외국인,2018,0,0,0,0,0,0,0,0,0,0,0,0,2022-10-04
용평리조트(발왕산전망대 곤돌라),유료,외국인,2018,0,0,0,0,0,0,0,0,0,0,0,0,2022-10-04
용평리조트(스키장),유료,외국인,2018,0,0,0,0,0,0,0,0,0,0,0,0,2022-10-04
용평리조트(유스호스텔),유료,외국인,2018,327,2060,189,0,0,0,0,22,0,0,56,379,2022-10-04
용평리조트(피크아일랜드),유료,외국인,2018,0,0,0,0,0,0,0,0,0,0,0,0,2022-10-04
이효석문학관,유료,외국인,2018,0,0,0,0,0,0,0,0,0,0,0,0,2022-10-04
켄싱턴플로라호텔(글램핑),유료,외국인,2018,36,0,0,0,0,0,0,0,0,0,0,0,2022-10-04
켄싱턴플로라호텔(컨벤션홀),유료,외국인,2018,0,408,241,0,0,0,0,0,0,0,0,42,2022-10-04
평창 동강민물고기생태관,유료,외국인,2018,0,0,0,0,0,0,0,0,0,0,0,0,2022-10-04
평창힐링청소년수련원,유료,외국인,2018,0,0,0,0,0,0,0,0,0,0,0,0,2022-10-04
한국앵무새학교,유료,외국인,2018,0,0,0,0,0,0,0,0,0,0,0,0,2022-10-04
한국전통음식문화체험관,유료,외국인,2018,0,0,0,0,0,0,217,242,220,269,569,1193,2022-10-04
한화리조트(컨벤션홀),유료,외국인,2018,0,0,0,0,0,0,330,0,0,0,0,0,2022-10-04
허브나라,유료,외국인,2018,0,0,67,0,0,0,0,0,0,0,0,0,2022-10-04
호렙오대산청소년수련원,유료,외국인,2018,0,0,0,0,0,0,0,0,0,0,0,0,2022-10-04
휘닉스파크(골프장),유료,외국인,2018,0,0,0,0,0,0,0,0,0,0,0,0,2022-10-04
휘닉스파크(스키장),유료,외국인,2018,0,0,0,0,0,0,0,0,0,0,0,0,2022-10-04
휘닉스파크(워터파크),유료,외국인,2018,0,0,0,0,0,0,0,0,0,0,0,0,2022-10-04
국립두타산자연휴양림,유료,내국인,2019,3860,3190,2251,2200,1106,4500,7599,10828,4147,2384,1541,1198,2022-10-04
국립평창청소년수련원,유료,내국인,2019,4600,6343,12042,10846,12931,6660,12333,11936,8990,10565,8622,4409,2022-10-04
무이예술관,유료,내국인,2019,1315,1368,1271,1811,1936,2536,3888,5691,3070,2699,1477,1366,2022-10-04
백룡동굴,유료,내국인,2019,310,312,523,705,1637,1323,2709,4591,1336,1564,828,547,2022-10-04
삼양대관령목장,유료,내국인,2019,11769,10053,10334,8332,32595,29904,24877,51801,29136,96349,13801,22172,2022-10-04
알펜시아리조트(골프장),유료,내국인,2019,0,0,520,7889,14730,17088,16479,19126,13056,18027,8372,0,2022-10-04
알펜시아리조트(스키장),유료,내국인,2019,47115,35240,3980,0,0,0,0,0,0,1967,1903,27674,2022-10-04
알펜시아리조트(오션700),유료,내국인,2019,18079,18228,5972,5711,12367,14695,26990,40971,10983,14201,19182,21570,2022-10-04
오대산국립공원(월정사),유료,내국인,2019,93630,87748,69994,65353,100404,96519,96924,134140,84332,204810,107088,66204,2022-10-04
용평리조트(골프장),유료,내국인,2019,0,0,1170,9403,17492,16498,19959,24062,15616,18520,5665,50,2022-10-04
용평리조트(발왕산전망대 곤돌라),유료,내국인,2019,26142,17804,14450,14640,30721,52810,70063,84623,58031,117462,26166,44411,2022-10-04
용평리조트(스키장),유료,내국인,2019,99354,59033,15178,0,0,0,0,0,0,0,7957,83850,2022-10-04
용평리조트(유스호스텔),유료,내국인,2019,4986,6861,1387,88,649,6027,7559,12768,7619,13754,2593,9550,2022-10-04
용평리조트(피크아일랜드),유료,내국인,2019,21036,16757,3718,3883,14935,39693,57634,60606,25940,27953,6323,32174,2022-10-04
이효석문학관,유료,내국인,2019,2164,2163,2890,4833,9713,9225,10946,19484,21209,15844,5894,3074,2022-10-04
켄싱턴플로라호텔(글램핑),유료,내국인,2019,48,70,66,156,437,444,1056,1526,428,501,382,122,2022-10-04
켄싱턴플로라호텔(컨벤션홀),유료,내국인,2019,4192,3579,7919,1104,1747,2299,1981,10514,1140,3113,471,1350,2022-10-04
평창 동강민물고기생태관,유료,내국인,2019,0,0,0,0,0,0,0,0,0,0,0,0,2022-10-04
평창힐링청소년수련원,유료,내국인,2019,1420,2014,3988,3758,5491,3320,4133,3984,2097,3074,250,0,2022-10-04
한국전통음식문화체험관,유료,내국인,2019,377,324,233,557,1117,643,448,880,336,1563,455,384,2022-10-04
한화리조트(컨벤션홀),유료,내국인,2019,0,0,0,2581,3845,7668,9427,7082,2535,2810,2477,1386,2022-10-04
허브나라,유료,내국인,2019,1713,1199,2783,5900,13952,11022,10867,17180,9303,0,0,0,2022-10-04
호렙오대산청소년수련원,유료,내국인,2019,0,0,0,0,0,0,0,0,0,0,0,0,2022-10-04
휘닉스파크(골프장),유료,내국인,2019,0,0,2038,5418,7774,8217,6657,13479,8976,10194,4774,198,2022-10-04
휘닉스파크(스키장),유료,내국인,2019,215584,128952,18912,0,0,0,0,0,0,17514,10251,36576,2022-10-04
휘닉스파크(워터파크),유료,내국인,2019,82876,45708,23414,44381,76816,86674,159139,249346,43333,36140,24155,42477,2022-10-04
국립두타산자연휴양림,유료,외국인,2019,0,0,0,0,0,0,0,0,0,0,0,0,2022-10-04
국립평창청소년수련원,유료,외국인,2019,0,0,0,0,0,40,0,0,0,0,75,0,2022-10-04
무이예술관,유료,외국인,2019,0,0,0,0,0,0,0,0,0,0,0,0,2022-10-04
백룡동굴,유료,외국인,2019,6,4,3,0,0,0,0,0,0,0,0,0,2022-10-04
삼양대관령목장,유료,외국인,2019,17,44,14,20,0,0,21,0,2,0,3,13,2022-10-04
알펜시아리조트(골프장),유료,외국인,2019,0,0,0,0,0,0,0,0,0,0,0,0,2022-10-04
알펜시아리조트(스키장),유료,외국인,2019,0,0,0,0,0,0,0,0,0,0,0,0,2022-10-04
알펜시아리조트(오션700),유료,외국인,2019,0,0,0,0,0,0,0,0,0,0,0,0,2022-10-04
오대산국립공원(월정사),유료,외국인,2019,0,0,0,0,0,0,0,0,0,0,0,0,2022-10-04
용평리조트(골프장),유료,외국인,2019,0,0,0,0,0,0,0,0,0,0,0,0,2022-10-04
용평리조트(발왕산전망대 곤돌라),유료,외국인,2019,0,0,0,0,0,0,0,0,0,0,0,0,2022-10-04
용평리조트(스키장),유료,외국인,2019,0,0,0,0,0,0,0,0,0,0,0,0,2022-10-04
용평리조트(유스호스텔),유료,외국인,2019,184,808,8,0,0,0,0,0,0,0,0,0,2022-10-04
용평리조트(피크아일랜드),유료,외국인,2019,0,0,0,0,0,0,0,0,0,0,0,0,2022-10-04
이효석문학관,유료,외국인,2019,0,0,0,10,40,0,0,0,0,0,0,0,2022-10-04
켄싱턴플로라호텔(글램핑),유료,외국인,2019,0,0,0,0,0,0,5,0,0,0,0,0,2022-10-04
켄싱턴플로라호텔(컨벤션홀),유료,외국인,2019,0,0,0,0,0,0,0,0,0,0,0,0,2022-10-04
평창 동강민물고기생태관,유료,외국인,2019,0,0,0,0,0,0,0,0,0,0,0,0,2022-10-04
평창힐링청소년수련원,유료,외국인,2019,0,0,0,0,0,0,0,0,0,0,0,0,2022-10-04
한국전통음식문화체험관,유료,외국인,2019,184,398,146,175,161,210,123,95,120,393,442,1851,2022-10-04
한화리조트(컨벤션홀),유료,외국인,2019,0,0,0,0,0,26,0,0,0,0,0,0,2022-10-04
허브나라,유료,외국인,2019,0,0,0,0,0,0,17,31,18,0,0,0,2022-10-04
호렙오대산청소년수련원,유료,외국인,2019,0,0,0,0,0,0,0,0,0,0,0,0,2022-10-04
휘닉스파크(골프장),유료,외국인,2019,0,0,0,0,0,0,0,0,0,0,0,0,2022-10-04
휘닉스파크(스키장),유료,외국인,2019,0,0,0,0,0,0,0,0,0,0,0,0,2022-10-04
휘닉스파크(워터파크),유료,외국인,2019,0,0,0,0,0,0,0,0,0,0,0,0,2022-10-04
국립두타산자연휴양림,유료,내국인,2020,1437,1368,311,146,1090,1737,3823,3590,18,0,0,0,2022-10-04
국립평창청소년수련원,유료,내국인,2020,5007,60,0,0,0,527,650,1792,0,2137,2424,699,2022-10-04
무이예술관,유료,내국인,2020,1520,1098,125,0,1582,1428,446,2730,297,2367,1624,881,2022-10-04
백룡동굴,유료,내국인,2020,529,219,0,0,356,782,1045,898,0,0,0,0,2022-10-04
비엔나인형박물관,유료,내국인,2020,1591,1145,853,751,1504,1440,2314,4369,1151,1966,2343,417,2022-10-04
삼양대관령목장,유료,내국인,2020,28303,39461,30583,5712,28142,24646,24859,40630,21843,52012,22681,14522,2022-10-04
알펜시아리조트(골프장),유료,내국인,2020,0,0,3055,3055,17711,20602,18827,19506,17162,20868,10833,1223,2022-10-04
알펜시아리조트(스키장),유료,내국인,2020,56648,26804,1214,665,5574,11475,9249,10388,8427,7536,0,6242,2022-10-04
알펜시아리조트(오션700),유료,내국인,2020,20329,9928,290,3778,8627,14422,15887,20156,7868,8751,8008,2341,2022-10-04
오대산국립공원(월정사),유료,내국인,2020,75106,62604,50812,17680,37140,40804,45419,68337,29160,110594,50246,19044,2022-10-04
용평리조트(골프장),유료,내국인,2020,0,0,3042,4702,20180,22307,21109,22433,18592,22141,10088,526,2022-10-04
용평리조트(발왕산전망대 곤돌라),유료,내국인,2020,37812,29704,9465,5101,19545,31811,50872,73953,40479,78445,37659,12791,2022-10-04
용평리조트(스키장),유료,내국인,2020,120349,71629,23779,0,0,0,0,0,0,0,4271,10038,2022-10-04
용평리조트(유스호스텔),유료,내국인,2020,14144,5907,0,729,0,1046,5364,12825,68,834,0,141,2022-10-04
용평리조트(피크아일랜드),유료,내국인,2020,37321,16079,257,4477,2627,9977,22543,24377,7573,5469,60,0,2022-10-04
이효석문학관,유료,내국인,2020,3130,1719,0,0,1831,3050,5378,9301,1637,8896,3451,214,2022-10-04
켄싱턴플로라호텔(글램핑),유료,내국인,2020,72,87,64,59,575,0,6683,709,510,557,421,196,2022-10-04
켄싱턴플로라호텔(컨벤션홀),유료,내국인,2020,403,620,500,600,2150,1300,307,114,650,579,1336,606,2022-10-04
평창 동강민물고기생태관,유료,내국인,2020,0,0,0,0,0,0,0,0,0,0,0,0,2022-10-04
평창힐링청소년수련원,유료,내국인,2020,0,0,0,0,0,0,0,0,0,0,0,0,2022-10-04
한국전통음식문화체험관,유료,내국인,2020,142,114,4,0,36,149,0,0,29,130,62,72,2022-10-04
한화리조트(컨벤션홀),유료,내국인,2020,3248,852,0,600,2150,1300,0,0,0,10084,6806,4781,2022-10-04
허브나라,유료,내국인,2020,0,0,0,2154,7116,5671,7577,9491,4277,7342,2654,720,2022-10-04
호렙오대산청소년수련원,유료,내국인,2020,0,0,0,0,0,0,0,0,0,0,0,0,2022-10-04
휘닉스파크(골프장),유료,내국인,2020,0,0,2562,7524,11604,12177,12963,11568,10981,9400,9332,1359,2022-10-04
휘닉스파크(스키장),유료,내국인,2020,69901,36742,6409,9104,13336,11792,17644,23275,9539,19860,3536,8795,2022-10-04
휘닉스파크(워터파크),유료,내국인,2020,37920,15507,2742,7777,10774,12448,18472,23203,0,54,8073,4558,2022-10-04
국립두타산자연휴양림,유료,외국인,2020,0,0,0,0,0,0,0,0,0,0,0,0,2022-10-04
국립평창청소년수련원,유료,외국인,2020,0,0,0,0,0,1,0,0,0,0,0,0,2022-10-04
무이예술관,유료,외국인,2020,0,0,0,0,0,0,0,0,0,0,0,0,2022-10-04
백룡동굴,유료,외국인,2020,0,0,0,0,0,0,0,0,0,0,0,0,2022-10-04
비엔나인형박물관,유료,외국인,2020,2,3,0,0,2,0,1,0,0,0,0,0,2022-10-04
삼양대관령목장,유료,외국인,2020,0,0,0,306,0,0,0,0,0,0,0,0,2022-10-04
알펜시아리조트(스키장),유료,외국인,2020,0,0,0,0,0,0,0,0,0,0,0,0,2022-10-04
알펜시아리조트(오션700),유료,외국인,2020,0,0,0,0,0,0,0,0,0,0,0,0,2022-10-04
오대산국립공원(월정사),유료,외국인,2020,0,0,0,0,0,0,0,0,0,0,0,0,2022-10-04
용평리조트(골프장),유료,외국인,2020,0,0,0,0,0,0,0,0,0,0,0,0,2022-10-04
용평리조트(발왕산전망대 곤돌라),유료,외국인,2020,0,0,0,0,0,0,0,0,0,0,0,0,2022-10-04
용평리조트(스키장),유료,외국인,2020,0,0,0,0,0,0,0,0,0,0,0,0,2022-10-04
용평리조트(유스호스텔),유료,외국인,2020,156,36,0,0,0,0,0,0,0,0,0,0,2022-10-04
용평리조트(피크아일랜드),유료,외국인,2020,0,0,0,0,0,0,0,0,0,0,0,0,2022-10-04
이효석문학관,유료,외국인,2020,0,0,0,0,0,0,0,0,0,0,0,0,2022-10-04
켄싱턴플로라호텔(글램핑),유료,외국인,2020,0,0,0,0,0,711,0,0,0,0,0,0,2022-10-04
켄싱턴플로라호텔(컨벤션홀),유료,외국인,2020,0,0,0,0,0,0,0,0,0,0,0,0,2022-10-04
평창 동강민물고기생태관,유료,외국인,2020,0,0,0,0,0,0,0,0,0,0,0,0,2022-10-04
평창힐링청소년수련원,유료,외국인,2020,0,0,0,0,0,0,0,0,0,0,0,0,2022-10-04
한국전통음식문화체험관,유료,외국인,2020,0,0,0,0,0,0,0,0,0,0,0,0,2022-10-04
한화리조트(컨벤션홀),유료,외국인,2020,201,112,0,0,0,0,0,0,0,0,0,0,2022-10-04
허브나라,유료,외국인,2020,0,0,0,0,0,0,0,0,0,24,12,7,2022-10-04
호렙오대산청소년수련원,유료,외국인,2020,0,0,0,0,0,0,0,0,0,0,0,0,2022-10-04
휘닉스파크(골프장),유료,외국인,2020,0,0,0,0,0,0,0,0,0,0,0,0,2022-10-04
휘닉스파크(스키장),유료,외국인,2020,0,0,0,0,0,0,0,0,0,0,0,0,2022-10-04
휘닉스파크(워터파크),유료,외국인,2020,0,0,0,0,0,0,0,0,0,0,0,0,2022-10-04
국립두타산자연휴양림,유료,내국인,2021,133,0,0,0,0,25,8363,9768,6036,0,0,0,2022-10-04
국립평창청소년수련원,유료,내국인,2021,514,273,60,341,5002,1146,2884,3855,1355,0,0,0,2022-10-04
무이예술관,유료,내국인,2021,975,1143,876,1214,2168,1786,2778,4051,2145,0,0,0,2022-10-04
백룡동굴,유료,내국인,2021,0,87,192,362,907,1038,1957,2702,573,0,0,0,2022-10-04
비엔나인형박물관,유료,내국인,2021,497,1423,820,1379,2401,1422,2286,3638,1877,0,0,0,2022-10-04
삼양대관령목장,유료,내국인,2021,16729,18643,8937,13583,24872,24656,26952,35286,34353,0,0,0,2022-10-04
알펜시아리조트(골프장),유료,내국인,2021,0,1038,6984,17653,19424,22539,23426,22803,20505,0,0,0,2022-10-04
알펜시아리조트(스키장),유료,내국인,2021,8570,13586,64,3809,7222,7284,11495,10188,8201,0,0,0,2022-10-04
알펜시아리조트(오션700),유료,내국인,2021,109,0,0,4303,9296,11148,13952,13520,8899,0,0,0,2022-10-04
오대산국립공원(월정사),유료,내국인,2021,20501,27572,16128,25057,39607,37010,48152,63007,36920,0,0,0,2022-10-04
용평리조트(골프장),유료,내국인,2021,0,133,6374,19858,22806,24846,25143,23361,21259,0,0,0,2022-10-04
용평리조트(발왕산전망대 곤돌라),유료,내국인,2021,15728,23201,13996,19563,47043,47328,75739,75178,55040,0,0,0,2022-10-04
용평리조트(스키장),유료,내국인,2021,23534,35901,14937,0,0,0,0,0,0,0,0,0,2022-10-04
용평리조트(유스호스텔),유료,내국인,2021,124,1544,56,0,28,120,3086,2239,120,0,0,0,2022-10-04
용평리조트(피크아일랜드),유료,내국인,2021,0,0,0,0,0,0,16450,15992,7846,0,0,0,2022-10-04
이효석문학관,유료,내국인,2021,370,1486,1125,2096,4402,2521,6077,9600,11619,0,0,0,2022-10-04
켄싱턴플로라호텔(글램핑),유료,내국인,2021,32,0,465,404,706,588,741,730,446,0,0,0,2022-10-04
켄싱턴플로라호텔(컨벤션홀),유료,내국인,2021,300,220,900,1388,890,530,540,440,439,0,0,0,2022-10-04
한국전통음식문화체험관,유료,내국인,2021,0,0,0,0,0,90,0,0,126,0,0,0,2022-10-04
한화리조트(컨벤션홀),유료,내국인,2021,19772,11964,7828,12344,8724,12476,31656,24956,11308,0,0,0,2022-10-04
허브나라,유료,내국인,2021,927,1222,1130,2999,6719,5811,5679,8633,5154,0,0,0,2022-10-04
휘닉스파크(골프장),유료,내국인,2021,0,0,0,16280,21932,25291,8840,8507,7350,0,0,0,2022-10-04
휘닉스파크(스키장),유료,내국인,2021,25450,34539,414,24890,43435,36424,22941,22977,17307,0,0,0,2022-10-04
휘닉스파크(워터파크),유료,내국인,2021,40,16,0,15503,24374,23112,28877,30472,17221,0,0,0,2022-10-04
국립두타산자연휴양림,유료,외국인,2021,0,0,0,0,0,0,0,0,0,0,0,0,2022-10-04
국립평창청소년수련원,유료,외국인,2021,0,9,0,0,0,0,0,0,0,0,0,0,2022-10-04
무이예술관,유료,외국인,2021,0,0,0,0,0,0,0,0,0,0,0,0,2022-10-04
백룡동굴,유료,외국인,2021,0,0,0,0,0,0,0,0,0,0,0,0,2022-10-04
비엔나인형박물관,유료,외국인,2021,0,3,0,2,1,0,4,3,0,0,0,0,2022-10-04
삼양대관령목장,유료,외국인,2021,0,0,0,0,0,0,0,0,0,0,0,0,2022-10-04
알펜시아리조트(골프장),유료,외국인,2021,0,0,0,0,0,0,0,0,0,0,0,0,2022-10-04
알펜시아리조트(스키장),유료,외국인,2021,0,0,0,0,0,0,0,0,0,0,0,0,2022-10-04
알펜시아리조트(오션700),유료,외국인,2021,0,0,0,0,0,0,0,0,0,0,0,0,2022-10-04
오대산국립공원(월정사),유료,외국인,2021,0,0,0,0,0,0,0,0,0,0,0,0,2022-10-04
용평리조트(골프장),유료,외국인,2021,0,0,0,0,0,0,0,0,0,0,0,0,2022-10-04
용평리조트(발왕산전망대 곤돌라),유료,외국인,2021,0,0,0,0,0,0,0,0,0,0,0,0,2022-10-04
용평리조트(스키장),유료,외국인,2021,0,0,0,0,0,0,0,0,0,0,0,0,2022-10-04
용평리조트(유스호스텔),유료,외국인,2021,0,0,0,0,0,0,0,0,0,0,0,0,2022-10-04
용평리조트(피크아일랜드),유료,외국인,2021,0,0,0,0,0,0,0,0,0,0,0,0,2022-10-04
이효석문학관,유료,외국인,2021,0,0,0,0,0,0,0,0,0,0,0,0,2022-10-04
켄싱턴플로라호텔(글램핑),유료,외국인,2021,0,0,0,0,0,0,0,0,0,0,0,0,2022-10-04
켄싱턴플로라호텔(컨벤션홀),유료,외국인,2021,0,0,0,0,0,0,0,0,0,0,0,0,2022-10-04
한국전통음식문화체험관,유료,외국인,2021,0,0,0,0,0,0,0,0,0,0,0,0,2022-10-04
한화리조트(컨벤션홀),유료,외국인,2021,0,0,0,0,0,0,0,0,0,0,0,0,2022-10-04
허브나라,유료,외국인,2021,12,20,25,14,15,13,0,0,0,0,0,0,2022-10-04
휘닉스파크(골프장),유료,외국인,2021,0,0,0,0,0,0,0,0,0,0,0,0,2022-10-04
휘닉스파크(스키장),유료,외국인,2021,0,0,0,0,0,0,0,0,0,0,0,0,2022-10-04
휘닉스파크(워터파크),유료,외국인,2021,0,0,0,0,0,0,0,0,0,0,0,0,2022-10-04
계방산(평창군),무료,내국인,2022,28278,18661,485,,,,,,,,,,2022-10-04
국립두타산자연휴양림,유료,내국인,2022,2869,2348,1364,,,,,,,,,,2022-10-04
국립평창청소년수련원,유료,내국인,2022,0,0,0,,,,,,,,,,2022-10-04
능경봉,무료,내국인,2022,2993,2376,2470,,,,,,,,,,2022-10-04
대관령 양떼목장,유료,내국인,2022,32939,23616,10741,,,,,,,,,,2022-10-04
대관령신재생에너지관,무료,내국인,2022,196,133,137,,,,,,,,,,2022-10-04
대관령하늘목장,유료,내국인,2022,7032,6437,3489,,,,,,,,,,2022-10-04
무이예술관,유료,내국인,2022,6211,3778,1228,,,,,,,,,,2022-10-04
백덕산(평창군),무료,내국인,2022,2442,2317,1909,,,,,,,,,,2022-10-04
백룡동굴,유료,내국인,2022,183,196,127,,,,,,,,,,2022-10-04
비엔나인형박물관,유료,내국인,2022,1842,1825,706,,,,,,,,,,2022-10-04
삼양대관령목장,유료,내국인,2022,29891,19567,6217,,,,,,,,,,2022-10-04
선자령,무료,내국인,2022,9756,5823,8181,,,,,,,,,,2022-10-04
스키점프대,유료,내국인,2022,2567,2493,486,,,,,,,,,,2022-10-04
알펜시아리조트(골프장),유료,내국인,2022,0,0,4701,,,,,,,,,,2022-10-04
알펜시아리조트(스키장),유료,내국인,2022,51536,34786,552,,,,,,,,,,2022-10-04
알펜시아리조트(오션700),유료,내국인,2022,9968,8585,151,,,,,,,,,,2022-10-04
오대산국립공원(월정사),유료,내국인,2022,56979,50317,36770,,,,,,,,,,2022-10-04
용평리조트(골프장),유료,내국인,2022,0,0,2645,,,,,,,,,,2022-10-04
용평리조트(발왕산전망대 곤돌라),유료,내국인,2022,36933,33182,11260,,,,,,,,,,2022-10-04
용평리조트(스키장),유료,내국인,2022,82612,60038,13049,,,,,,,,,,2022-10-04
용평리조트(유스호스텔),유료,내국인,2022,3924,1802,0,,,,,,,,,,2022-10-04
용평리조트(피크아일랜드),유료,내국인,2022,4388,3949,758,,,,,,,,,,2022-10-04
이효석문학관,유료,내국인,2022,1568,1297,984,,,,,,,,,,2022-10-04
켄싱턴플로라호텔(글램핑),유료,내국인,2022,0,0,180,,,,,,,,,,2022-10-04
켄싱턴플로라호텔(컨벤션홀),유료,내국인,2022,100,320,350,,,,,,,,,,2022-10-04
한국전통음식문화체험관,유료,내국인,2022,14,245,36,,,,,,,,,,2022-10-04
한화리조트(컨벤션홀),유료,내국인,2022,940,308,701,,,,,,,,,,2022-10-04
허브나라,유료,내국인,2022,1087,910,694,,,,,,,,,,2022-10-04
휘닉스파크(골프장),유료,내국인,2022,0,0,3409,,,,,,,,,,2022-10-04
휘닉스파크(스키장),유료,내국인,2022,113295,89734,6640,,,,,,,,,,2022-10-04
휘닉스파크(워터파크),유료,내국인,2022,24343,18523,5639,,,,,,,,,,2022-10-04
국립두타산자연휴양림,유료,외국인,2022,0,0,0,,,,,,,,,,2022-10-04
국립평창청소년수련원,유료,외국인,2022,0,0,0,,,,,,,,,,2022-10-04
무이예술관,유료,외국인,2022,0,0,0,,,,,,,,,,2022-10-04
백룡동굴,유료,외국인,2022,0,0,0,,,,,,,,,,2022-10-04
비엔나인형박물관,유료,외국인,2022,0,2,1,,,,,,,,,,2022-10-04
삼양대관령목장,유료,외국인,2022,0,0,0,,,,,,,,,,2022-10-04
알펜시아리조트(골프장),유료,외국인,2022,0,0,0,,,,,,,,,,2022-10-04
알펜시아리조트(스키장),유료,외국인,2022,0,0,0,,,,,,,,,,2022-10-04
알펜시아리조트(오션700),유료,외국인,2022,0,0,0,,,,,,,,,,2022-10-04
오대산국립공원(월정사),유료,외국인,2022,0,0,0,,,,,,,,,,2022-10-04
용평리조트(골프장),유료,외국인,2022,0,0,0,,,,,,,,,,2022-10-04
용평리조트(발왕산전망대 곤돌라),유료,외국인,2022,0,0,0,,,,,,,,,,2022-10-04
용평리조트(스키장),유료,외국인,2022,0,0,0,,,,,,,,,,2022-10-04
용평리조트(유스호스텔),유료,외국인,2022,0,0,0,,,,,,,,,,2022-10-04
용평리조트(피크아일랜드),유료,외국인,2022,0,0,0,,,,,,,,,,2022-10-04
이효석문학관,유료,외국인,2022,0,0,0,,,,,,,,,,2022-10-04
켄싱턴플로라호텔(글램핑),유료,외국인,2022,0,0,0,,,,,,,,,,2022-10-04
켄싱턴플로라호텔(컨벤션홀),유료,외국인,2022,0,0,0,,,,,,,,,,2022-10-04
한국전통음식문화체험관,유료,외국인,2022,0,0,0,,,,,,,,,,2022-10-04
한화리조트(컨벤션홀),유료,외국인,2022,0,0,0,,,,,,,,,,2022-10-04
허브나라,유료,외국인,2022,0,0,0,,,,,,,,,,2022-10-04
휘닉스파크(골프장),유료,외국인,2022,0,0,0,,,,,,,,,,2022-10-04
휘닉스파크(스키장),유료,외국인,2022,0,0,0,,,,,,,,,,2022-10-04
휘닉스파크(워터파크),유료,외국인,2022,0,0,0,,,,,,,,,,2022-10-04
